PIPELINE,BW,PERCENTAGE,Area [um^2],Energy [fJ]
1,8,12,166.944,142.3730
1,8,25,166.944,177.9870
1,8,38,166.944,202.4050
1,8,50,166.944,226.4770
1,8,62,166.944,242.5320
1,8,75,166.944,242.7960
1,8,88,166.944,268.9080
1,8,100,166.944,357.4390
1,10,10,230.679,197.1740
1,10,20,230.679,238.5690
1,10,30,230.679,263.1170
1,10,40,230.679,270.2920
1,10,50,230.679,322.0550
1,10,60,230.679,336.8420
1,10,70,230.679,343.9450
1,10,80,230.679,337.7270
1,10,90,230.679,359.2700
1,10,100,230.679,522.2170
1,12,8,318.455,279.2510
1,12,17,318.455,278.7670
1,12,25,318.455,343.8610
1,12,33,318.455,380.7990
1,12,42,318.455,411.5380
1,12,50,318.455,438.5060
1,12,58,318.455,452.3630
1,12,67,318.455,411.1950
1,12,75,318.455,504.7290
1,12,83,318.455,467.1270
1,12,92,318.455,506.2770
1,12,100,318.455,726.2250
1,14,7,419.590,336.1250
1,14,14,419.590,352.5170
1,14,21,419.590,402.1460
1,14,29,419.590,439.9630
1,14,36,419.590,507.1460
1,14,43,419.590,545.8000
1,14,50,419.590,593.6100
1,14,57,419.590,582.1860
1,14,64,419.590,649.8350
1,14,71,419.590,639.5550
1,14,79,419.590,649.7580
1,14,86,419.590,644.3850
1,14,93,419.590,706.9010
1,14,100,419.590,1006.7200
1,16,6,534.083,413.6130
1,16,12,534.083,396.7140
1,16,19,534.083,498.8180
1,16,25,534.083,538.1080
1,16,31,534.083,608.8480
1,16,38,534.083,619.2250
1,16,44,534.083,722.4080
1,16,50,534.083,731.9620
1,16,56,534.083,792.6220
1,16,62,534.083,746.1960
1,16,69,534.083,801.2400
1,16,75,534.083,817.5080
1,16,81,534.083,836.8880
1,16,88,534.083,856.5600
1,16,94,534.083,862.0850
1,16,100,534.083,1255.7500
1,18,6,661.934,498.8960
1,18,11,661.934,496.4370
1,18,17,661.934,580.8460
1,18,22,661.934,629.0900
1,18,28,661.934,679.2450
1,18,33,661.934,791.5490
1,18,39,661.934,806.1590
1,18,44,661.934,872.3210
1,18,50,661.934,898.2340
1,18,56,661.934,965.6530
1,18,61,661.934,927.6610
1,18,67,661.934,944.2920
1,18,72,661.934,975.5300
1,18,78,661.934,1020.2100
1,18,83,661.934,1000.8300
1,18,89,661.934,1029.6900
1,18,94,661.934,1012.5300
1,18,100,661.934,1562.3100
1,20,5,805.099,544.8970
1,20,10,805.099,599.3870
1,20,15,805.099,686.6040
1,20,20,805.099,727.5480
1,20,25,805.099,777.0900
1,20,30,805.099,867.3410
1,20,35,805.099,959.4380
1,20,40,805.099,980.1100
1,20,45,805.099,1094.0500
1,20,50,805.099,1089.8200
1,20,55,805.099,1144.3200
1,20,60,805.099,1166.1400
1,20,65,805.099,1184.9800
1,20,70,805.099,1198.0200
1,20,75,805.099,1188.1400
1,20,80,805.099,1232.8000
1,20,85,805.099,1185.6200
1,20,90,805.099,1217.6500
1,20,95,805.099,1156.6400
1,20,100,805.099,1911.8100
1,22,5,958.619,652.7380
1,22,9,958.619,866.1330
1,22,14,958.619,1010.7900
1,22,18,958.619,1062.9900
1,22,23,958.619,1080.1200
1,22,27,958.619,1178.8300
1,22,32,958.619,1186.4200
1,22,36,958.619,1356.9900
1,22,41,958.619,1322.0600
1,22,45,958.619,1357.4900
1,22,50,958.619,1261.4400
1,22,55,958.619,1415.1200
1,22,59,958.619,1414.4200
1,22,64,958.619,1443.4100
1,22,68,958.619,1568.3500
1,22,73,958.619,1556.7300
1,22,77,958.619,1541.4000
1,22,82,958.619,1598.4500
1,22,86,958.619,1531.9000
1,22,91,958.619,1519.3800
1,22,95,958.619,1528.3400
1,22,100,958.619,1275.2000
1,24,4,1132.819,795.2570
1,24,8,1132.819,1044.5400
1,24,12,1132.819,1093.6300
1,24,17,1132.819,1081.2000
1,24,21,1132.819,1244.2000
1,24,25,1132.819,1242.5300
1,24,29,1132.819,1323.7200
1,24,33,1132.819,1250.9000
1,24,38,1132.819,1356.5900
1,24,42,1132.819,1504.0700
1,24,46,1132.819,1486.2500
1,24,50,1132.819,1428.2400
1,24,54,1132.819,1508.7400
1,24,58,1132.819,1558.2000
1,24,63,1132.819,1507.1200
1,24,67,1132.819,1481.5300
1,24,71,1132.819,1669.7300
1,24,75,1132.819,1538.7900
1,24,79,1132.819,1468.4500
1,24,83,1132.819,1512.1800
1,24,88,1132.819,1466.3500
1,24,92,1132.819,1433.1100
1,24,96,1132.819,1391.2100
1,24,100,1132.819,1277.6200
1,26,4,1256.578,859.3510
1,26,8,1256.578,1093.9100
1,26,12,1256.578,1032.1200
1,26,15,1256.578,1101.2300
1,26,19,1256.578,1331.2400
1,26,23,1256.578,1276.3100
1,26,27,1256.578,1404.5800
1,26,31,1256.578,1437.5500
1,26,35,1256.578,1593.6700
1,26,38,1256.578,1577.0900
1,26,42,1256.578,1661.3100
1,26,46,1256.578,1688.1000
1,26,50,1256.578,1606.1500
1,26,54,1256.578,1744.2700
1,26,58,1256.578,1734.5300
1,26,62,1256.578,1838.2100
1,26,65,1256.578,1772.4700
1,26,69,1256.578,1902.1900
1,26,73,1256.578,1825.1900
1,26,77,1256.578,1855.9000
1,26,81,1256.578,1889.7400
1,26,85,1256.578,1807.8200
1,26,88,1256.578,1812.3600
1,26,92,1256.578,1771.7400
1,26,96,1256.578,1771.0300
1,26,100,1256.578,1461.4300
1,28,4,1473.297,1063.5700
1,28,7,1473.297,1334.4500
1,28,11,1473.297,1277.8400
1,28,14,1473.297,1452.1300
1,28,18,1473.297,1506.2000
1,28,21,1473.297,1455.1200
1,28,25,1473.297,1541.2400
1,28,29,1473.297,1607.7100
1,28,32,1473.297,1714.1700
1,28,36,1473.297,1900.1400
1,28,39,1473.297,1718.2600
1,28,43,1473.297,1902.4700
1,28,46,1473.297,2038.8800
1,28,50,1473.297,1804.1000
1,28,54,1473.297,1970.1900
1,28,57,1473.297,1948.0000
1,28,61,1473.297,2088.3100
1,28,64,1473.297,1951.0000
1,28,68,1473.297,2123.5300
1,28,71,1473.297,2097.3100
1,28,75,1473.297,1930.8300
1,28,79,1473.297,1992.0300
1,28,82,1473.297,1910.0000
1,28,86,1473.297,1899.8600
1,28,89,1473.297,1954.9000
1,28,93,1473.297,1853.5400
1,28,96,1473.297,1669.7200
1,28,100,1473.297,1634.7400
1,30,3,1643.559,1144.1000
1,30,7,1643.559,1506.0100
1,30,10,1643.559,1351.9100
1,30,13,1643.559,1491.6700
1,30,17,1643.559,1493.6200
1,30,20,1643.559,1591.1900
1,30,23,1643.559,1587.9300
1,30,27,1643.559,1743.3500
1,30,30,1643.559,1881.1200
1,30,33,1643.559,1706.0200
1,30,37,1643.559,1985.6100
1,30,40,1643.559,1914.3100
1,30,43,1643.559,2100.9300
1,30,47,1643.559,2234.6200
1,30,50,1643.559,2093.6000
1,30,53,1643.559,2161.0900
1,30,57,1643.559,2357.3000
1,30,60,1643.559,2222.5300
1,30,63,1643.559,2190.3600
1,30,67,1643.559,2192.2900
1,30,70,1643.559,2414.5600
1,30,73,1643.559,2307.7900
1,30,77,1643.559,2316.6800
1,30,80,1643.559,2169.4800
1,30,83,1643.559,2384.0300
1,30,87,1643.559,2252.1300
1,30,90,1643.559,2382.0100
1,30,93,1643.559,2146.9200
1,30,97,1643.559,2172.3500
1,30,100,1643.559,1919.7000
1,32,3,1769.465,943.3060
1,32,6,1769.465,1196.3000
1,32,9,1769.465,1511.2000
1,32,12,1769.465,1513.2900
1,32,16,1769.465,1836.4300
1,32,19,1769.465,1872.8600
1,32,22,1769.465,1841.2000
1,32,25,1769.465,2034.4300
1,32,28,1769.465,2164.0400
1,32,31,1769.465,2264.6100
1,32,34,1769.465,2403.3100
1,32,38,1769.465,2595.7700
1,32,41,1769.465,2921.4300
1,32,44,1769.465,2644.8900
1,32,47,1769.465,2977.5100
1,32,50,1769.465,2703.1000
1,32,53,1769.465,2892.0900
1,32,56,1769.465,3229.2500
1,32,59,1769.465,3258.3400
1,32,62,1769.465,3315.5200
1,32,66,1769.465,3485.8900
1,32,69,1769.465,3606.6400
1,32,72,1769.465,3644.9400
1,32,75,1769.465,3559.1800
1,32,78,1769.465,3977.2600
1,32,81,1769.465,4126.3800
1,32,84,1769.465,3989.6300
1,32,88,1769.465,4246.2300
1,32,91,1769.465,4318.6600
1,32,94,1769.465,4211.1700
1,32,97,1769.465,4033.4400
1,32,100,1769.465,3900.1100
1,34,3,1927.132,1001.5200
1,34,6,1927.132,1219.9600
1,34,9,1927.132,1697.3900
1,34,12,1927.132,1548.6500
1,34,15,1927.132,1838.2600
1,34,18,1927.132,2009.0100
1,34,21,1927.132,2036.4800
1,34,24,1927.132,2272.4800
1,34,26,1927.132,2430.9000
1,34,29,1927.132,2461.3700
1,34,32,1927.132,2387.2900
1,34,35,1927.132,2816.5200
1,34,38,1927.132,2883.7400
1,34,41,1927.132,3013.5300
1,34,44,1927.132,3007.5800
1,34,47,1927.132,3428.3600
1,34,50,1927.132,3013.4600
1,34,53,1927.132,3407.7600
1,34,56,1927.132,3525.7600
1,34,59,1927.132,3826.7500
1,34,62,1927.132,3867.7400
1,34,65,1927.132,3918.4600
1,34,68,1927.132,4254.4900
1,34,71,1927.132,4263.9900
1,34,74,1927.132,4242.5100
1,34,76,1927.132,4416.8500
1,34,79,1927.132,4422.3200
1,34,82,1927.132,4586.3900
1,34,85,1927.132,4671.6500
1,34,88,1927.132,4903.0200
1,34,91,1927.132,4839.9100
1,34,94,1927.132,4813.9800
1,34,97,1927.132,4748.8800
1,34,100,1927.132,4564.4000
1,36,3,2227.849,1110.0900
1,36,6,2227.849,1343.0000
1,36,8,2227.849,1982.9200
1,36,11,2227.849,1762.2700
1,36,14,2227.849,2256.2500
1,36,17,2227.849,2219.2800
1,36,19,2227.849,2577.3600
1,36,22,2227.849,2689.5500
1,36,25,2227.849,2822.6400
1,36,28,2227.849,3017.5500
1,36,31,2227.849,3109.3200
1,36,33,2227.849,2985.1800
1,36,36,2227.849,3576.7200
1,36,39,2227.849,3631.4900
1,36,42,2227.849,3741.4200
1,36,44,2227.849,3935.8900
1,36,47,2227.849,4292.7400
1,36,50,2227.849,3854.0100
1,36,53,2227.849,4206.2900
1,36,56,2227.849,4437.0200
1,36,58,2227.849,4813.3800
1,36,61,2227.849,4706.4500
1,36,64,2227.849,4781.9700
1,36,67,2227.849,4817.1800
1,36,69,2227.849,5487.5500
1,36,72,2227.849,5297.6500
1,36,75,2227.849,5295.6700
1,36,78,2227.849,5729.6400
1,36,81,2227.849,6019.6400
1,36,83,2227.849,5674.7600
1,36,86,2227.849,6028.0400
1,36,89,2227.849,6355.0200
1,36,92,2227.849,6179.8100
1,36,94,2227.849,6173.3300
1,36,97,2227.849,6222.8400
1,36,100,2227.849,5985.8900
1,38,3,2367.433,1259.9000
1,38,5,2367.433,1424.9200
1,38,8,2367.433,1992.8600
1,38,11,2367.433,1858.7500
1,38,13,2367.433,2130.6100
1,38,16,2367.433,2438.8300
1,38,18,2367.433,2359.6200
1,38,21,2367.433,2336.7800
1,38,24,2367.433,2757.0200
1,38,26,2367.433,3066.6700
1,38,29,2367.433,3011.9400
1,38,32,2367.433,2947.4000
1,38,34,2367.433,3353.8200
1,38,37,2367.433,3472.0700
1,38,39,2367.433,3687.2700
1,38,42,2367.433,3458.4400
1,38,45,2367.433,3712.7300
1,38,47,2367.433,4091.3200
1,38,50,2367.433,3652.0900
1,38,53,2367.433,3996.7700
1,38,55,2367.433,4271.3900
1,38,58,2367.433,4516.8800
1,38,61,2367.433,4606.3500
1,38,63,2367.433,4459.6800
1,38,66,2367.433,4515.7900
1,38,68,2367.433,4810.4900
1,38,71,2367.433,4993.2400
1,38,74,2367.433,4988.9500
1,38,76,2367.433,5234.6000
1,38,79,2367.433,5435.2300
1,38,82,2367.433,5522.3100
1,38,84,2367.433,5372.0200
1,38,87,2367.433,5595.2600
1,38,89,2367.433,5800.1900
1,38,92,2367.433,5664.1600
1,38,95,2367.433,5661.6500
1,38,97,2367.433,5328.0100
1,38,100,2367.433,5295.0200
1,40,2,2556.275,1324.9000
1,40,5,2556.275,1537.8200
1,40,8,2556.275,2072.4300
1,40,10,2556.275,1955.3000
1,40,12,2556.275,2099.8200
1,40,15,2556.275,2459.0400
1,40,18,2556.275,2530.2000
1,40,20,2556.275,2540.6300
1,40,22,2556.275,2684.6200
1,40,25,2556.275,2883.6200
1,40,28,2556.275,2991.3200
1,40,30,2556.275,3286.9800
1,40,32,2556.275,3014.4700
1,40,35,2556.275,3508.8300
1,40,38,2556.275,3592.9100
1,40,40,2556.275,4096.2700
1,40,42,2556.275,3617.6600
1,40,45,2556.275,3851.0800
1,40,48,2556.275,4247.5200
1,40,50,2556.275,3616.2000
1,40,52,2556.275,4258.3500
1,40,55,2556.275,4216.8400
1,40,58,2556.275,4513.1400
1,40,60,2556.275,4712.2100
1,40,62,2556.275,4522.2700
1,40,65,2556.275,4999.7300
1,40,68,2556.275,4857.5900
1,40,70,2556.275,5160.6800
1,40,72,2556.275,5052.2000
1,40,75,2556.275,4912.7500
1,40,78,2556.275,5580.9900
1,40,80,2556.275,5697.5400
1,40,82,2556.275,5692.6300
1,40,85,2556.275,5639.3300
1,40,88,2556.275,5765.9500
1,40,90,2556.275,6105.4400
1,40,92,2556.275,5672.9200
1,40,95,2556.275,5954.2700
1,40,98,2556.275,5435.1300
1,40,100,2556.275,5477.6500
1,42,2,2899.319,1382.8400
1,42,5,2899.319,1757.4000
1,42,7,2899.319,2535.8300
1,42,10,2899.319,2433.9200
1,42,12,2899.319,2667.1500
1,42,14,2899.319,2871.6200
1,42,17,2899.319,2820.7800
1,42,19,2899.319,3328.1700
1,42,21,2899.319,3254.3300
1,42,24,2899.319,3736.3900
1,42,26,2899.319,3951.2000
1,42,29,2899.319,4071.3500
1,42,31,2899.319,4268.7700
1,42,33,2899.319,4097.7500
1,42,36,2899.319,4834.5100
1,42,38,2899.319,4823.5900
1,42,40,2899.319,5383.5900
1,42,43,2899.319,5107.9600
1,42,45,2899.319,5270.1300
1,42,48,2899.319,5715.6100
1,42,50,2899.319,5005.5600
1,42,52,2899.319,5689.5400
1,42,55,2899.319,5763.8400
1,42,57,2899.319,6340.7900
1,42,60,2899.319,6290.8100
1,42,62,2899.319,6424.8900
1,42,64,2899.319,6598.5500
1,42,67,2899.319,6801.6400
1,42,69,2899.319,7218.2000
1,42,71,2899.319,7318.7600
1,42,74,2899.319,7163.4300
1,42,76,2899.319,7612.0500
1,42,79,2899.319,7756.6500
1,42,81,2899.319,7977.6000
1,42,83,2899.319,7567.1800
1,42,86,2899.319,8118.6800
1,42,88,2899.319,8223.3000
1,42,90,2899.319,8419.3100
1,42,93,2899.319,8172.3500
1,42,95,2899.319,8378.7600
1,42,98,2899.319,8246.1600
1,42,100,2899.319,8093.4800
1,44,2,3056.684,1574.3400
1,44,5,3056.684,1846.6100
1,44,7,3056.684,2328.8200
1,44,9,3056.684,2671.3500
1,44,11,3056.684,2417.3100
1,44,14,3056.684,2973.4200
1,44,16,3056.684,3137.3300
1,44,18,3056.684,3049.3200
1,44,20,3056.684,3354.9800
1,44,23,3056.684,3439.2000
1,44,25,3056.684,3766.5600
1,44,27,3056.684,3840.7500
1,44,30,3056.684,4072.1900
1,44,32,3056.684,3756.9000
1,44,34,3056.684,4273.9400
1,44,36,3056.684,4550.9800
1,44,39,3056.684,4610.0000
1,44,41,3056.684,4842.6300
1,44,43,3056.684,4771.4500
1,44,45,3056.684,4899.9200
1,44,48,3056.684,5446.8200
1,44,50,3056.684,4637.6400
1,44,52,3056.684,5238.9400
1,44,55,3056.684,5310.1900
1,44,57,3056.684,5585.4200
1,44,59,3056.684,5848.6700
1,44,61,3056.684,5967.9400
1,44,64,3056.684,5956.5200
1,44,66,3056.684,5850.1000
1,44,68,3056.684,6219.2900
1,44,70,3056.684,6544.4200
1,44,73,3056.684,6458.2400
1,44,75,3056.684,6336.1100
1,44,77,3056.684,7014.4700
1,44,80,3056.684,6994.9500
1,44,82,3056.684,6985.2700
1,44,84,3056.684,6925.4200
1,44,86,3056.684,7221.4900
1,44,89,3056.684,7473.1300
1,44,91,3056.684,7395.4400
1,44,93,3056.684,7266.5500
1,44,95,3056.684,7428.7700
1,44,98,3056.684,6956.7100
1,44,100,3056.684,7054.3100
1,46,2,3267.960,1595.9700
1,46,4,3267.960,1942.7100
1,46,7,3267.960,2415.3200
1,46,9,3267.960,2641.9500
1,46,11,3267.960,2432.9600
1,46,13,3267.960,2856.0200
1,46,15,3267.960,3237.1600
1,46,17,3267.960,3060.9200
1,46,20,3267.960,3275.9200
1,46,22,3267.960,3436.9800
1,46,24,3267.960,3925.3100
1,46,26,3267.960,4123.7900
1,46,28,3267.960,3982.5200
1,46,30,3267.960,4249.1000
1,46,33,3267.960,3850.5700
1,46,35,3267.960,4500.9600
1,46,37,3267.960,4997.4100
1,46,39,3267.960,4997.0000
1,46,41,3267.960,4716.0100
1,46,43,3267.960,4759.1900
1,46,46,3267.960,5067.4900
1,46,48,3267.960,5566.8700
1,46,50,3267.960,4526.7800
1,46,52,3267.960,5408.0500
1,46,54,3267.960,5555.0700
1,46,57,3267.960,5766.4100
1,46,59,3267.960,5919.3700
1,46,61,3267.960,6228.5700
1,46,63,3267.960,5944.3700
1,46,65,3267.960,6448.3000
1,46,67,3267.960,6140.2000
1,46,70,3267.960,6693.8500
1,46,72,3267.960,6476.8800
1,46,74,3267.960,6572.5900
1,46,76,3267.960,6852.0500
1,46,78,3267.960,7051.1900
1,46,80,3267.960,7371.0300
1,46,83,3267.960,7168.5200
1,46,85,3267.960,7140.5900
1,46,87,3267.960,7428.3600
1,46,89,3267.960,7609.1400
1,46,91,3267.960,7456.6400
1,46,93,3267.960,7373.8500
1,46,96,3267.960,7691.7900
1,46,98,3267.960,6946.2800
1,46,100,3267.960,6855.1600
1,48,2,3655.451,1599.1200
1,48,4,3655.451,2036.7900
1,48,6,3655.451,2433.6400
1,48,8,3655.451,2976.2800
1,48,10,3655.451,2554.9400
1,48,12,3655.451,2892.9500
1,48,15,3655.451,3527.7600
1,48,17,3655.451,3273.0800
1,48,19,3655.451,3652.1900
1,48,21,3655.451,3640.5900
1,48,23,3655.451,3931.3100
1,48,25,3655.451,4033.6300
1,48,27,3655.451,4545.6500
1,48,29,3655.451,4567.6500
1,48,31,3655.451,4751.0200
1,48,33,3655.451,4326.7100
1,48,35,3655.451,5075.7900
1,48,38,3655.451,5213.8500
1,48,40,3655.451,5363.4400
1,48,42,3655.451,5303.7000
1,48,44,3655.451,5426.1000
1,48,46,3655.451,5774.3500
1,48,48,3655.451,6284.5900
1,48,50,3655.451,5607.4600
1,48,52,3655.451,5893.2600
1,48,54,3655.451,6000.8500
1,48,56,3655.451,6523.9100
1,48,58,3655.451,6730.6200
1,48,60,3655.451,7082.5300
1,48,63,3655.451,6587.1700
1,48,65,3655.451,6845.3500
1,48,67,3655.451,6516.2800
1,48,69,3655.451,7389.5400
1,48,71,3655.451,7406.9500
1,48,73,3655.451,7158.1000
1,48,75,3655.451,7092.3900
1,48,77,3655.451,7808.2000
1,48,79,3655.451,7655.8900
1,48,81,3655.451,8225.5200
1,48,83,3655.451,7722.9800
1,48,85,3655.451,8080.5600
1,48,88,3655.451,8297.6800
1,48,90,3655.451,8621.1700
1,48,92,3655.451,8239.9300
1,48,94,3655.451,8335.2800
1,48,96,3655.451,8412.7800
1,48,98,3655.451,7864.6700
1,48,100,3655.451,8140.7500
1,50,2,3969.850,2840.4700
1,50,4,3969.850,3184.0600
1,50,6,3969.850,3095.0300
1,50,8,3969.850,3038.6900
1,50,10,3969.850,2923.7000
1,50,12,3969.850,2952.1200
1,50,14,3969.850,3453.8600
1,50,16,3969.850,3308.1300
1,50,18,3969.850,3399.9000
1,50,20,3969.850,3448.0900
1,50,22,3969.850,3678.2100
1,50,24,3969.850,3785.4200
1,50,26,3969.850,4025.7800
1,50,28,3969.850,3878.6300
1,50,30,3969.850,3999.8900
1,50,32,3969.850,4007.6300
1,50,34,3969.850,4556.8400
1,50,36,3969.850,4571.2900
1,50,38,3969.850,4507.9800
1,50,40,3969.850,4080.3100
1,50,42,3969.850,4353.6000
1,50,44,3969.850,4644.5100
1,50,46,3969.850,4605.8300
1,50,48,3969.850,4653.3600
1,50,50,3969.850,4642.1000
1,50,52,3969.850,4896.2100
1,50,54,3969.850,4825.5000
1,50,56,3969.850,4950.4400
1,50,58,3969.850,4966.2400
1,50,60,3969.850,5001.5100
1,50,62,3969.850,5003.8700
1,50,64,3969.850,4781.3200
1,50,66,3969.850,4692.1200
1,50,68,3969.850,5438.1100
1,50,70,3969.850,4963.4400
1,50,72,3969.850,5275.2900
1,50,74,3969.850,4834.5300
1,50,76,3969.850,5172.1500
1,50,78,3969.850,5165.9700
1,50,80,3969.850,4679.7100
1,50,82,3969.850,5008.3000
1,50,84,3969.850,5020.4300
1,50,86,3969.850,5051.9500
1,50,88,3969.850,5097.3400
1,50,90,3969.850,4843.0600
1,50,92,3969.850,4855.3100
1,50,94,3969.850,4733.8400
1,50,96,3969.850,4765.0300
1,50,98,3969.850,4181.7200
1,50,100,3969.850,4102.9500
1,52,2,4445.556,2793.2100
1,52,4,4445.556,3851.6900
1,52,6,4445.556,3453.7000
1,52,8,4445.556,3460.5600
1,52,10,4445.556,3181.8600
1,52,12,4445.556,3300.4800
1,52,13,4445.556,3918.0000
1,52,15,4445.556,3741.5000
1,52,17,4445.556,3833.5400
1,52,19,4445.556,3823.0500
1,52,21,4445.556,3846.9500
1,52,23,4445.556,4027.9700
1,52,25,4445.556,4217.4000
1,52,27,4445.556,4399.7100
1,52,29,4445.556,4652.2500
1,52,31,4445.556,4378.1500
1,52,33,4445.556,4145.3100
1,52,35,4445.556,4882.9500
1,52,37,4445.556,4950.7000
1,52,38,4445.556,4901.9700
1,52,40,4445.556,5243.8200
1,52,42,4445.556,4905.6100
1,52,44,4445.556,4787.6800
1,52,46,4445.556,4965.0900
1,52,48,4445.556,4859.9000
1,52,50,4445.556,5057.2200
1,52,52,4445.556,5165.8900
1,52,54,4445.556,5094.0200
1,52,56,4445.556,5234.9400
1,52,58,4445.556,5352.8700
1,52,60,4445.556,5156.7300
1,52,62,4445.556,5102.4300
1,52,63,4445.556,4983.9800
1,52,65,4445.556,4645.1900
1,52,67,4445.556,5603.9000
1,52,69,4445.556,5497.6000
1,52,71,4445.556,5169.3100
1,52,73,4445.556,5127.0400
1,52,75,4445.556,4660.7400
1,52,77,4445.556,4914.6100
1,52,79,4445.556,4747.2200
1,52,81,4445.556,5253.2800
1,52,83,4445.556,4902.6000
1,52,85,4445.556,4672.6500
1,52,87,4445.556,4879.2200
1,52,88,4445.556,4864.4900
1,52,90,4445.556,4645.3400
1,52,92,4445.556,4543.7800
1,52,94,4445.556,4420.5900
1,52,96,4445.556,4444.9900
1,52,98,4445.556,4111.7100
1,52,100,4445.556,4948.6100
1,54,2,4668.680,2850.0500
1,54,4,4668.680,4092.9100
1,54,6,4668.680,3280.6900
1,54,7,4668.680,3491.5800
1,54,9,4668.680,3236.8300
1,54,11,4668.680,3039.3800
1,54,13,4668.680,3587.0900
1,54,15,4668.680,3887.1600
1,54,17,4668.680,3822.1900
1,54,19,4668.680,3892.4000
1,54,20,4668.680,4068.9000
1,54,22,4668.680,3807.0900
1,54,24,4668.680,4037.0700
1,54,26,4668.680,4469.9000
1,54,28,4668.680,4419.2700
1,54,30,4668.680,4704.2700
1,54,31,4668.680,4380.6900
1,54,33,4668.680,4216.3600
1,54,35,4668.680,4663.5300
1,54,37,4668.680,4903.1800
1,54,39,4668.680,4758.7400
1,54,41,4668.680,5319.2100
1,54,43,4668.680,4900.1400
1,54,44,4668.680,4977.9500
1,54,46,4668.680,5144.0300
1,54,48,4668.680,5065.7200
1,54,50,4668.680,5178.2900
1,54,52,4668.680,5565.8000
1,54,54,4668.680,5296.3400
1,54,56,4668.680,5441.0200
1,54,57,4668.680,5542.4500
1,54,59,4668.680,5631.2400
1,54,61,4668.680,5657.3700
1,54,63,4668.680,5557.3800
1,54,65,4668.680,5377.4700
1,54,67,4668.680,5410.6300
1,54,69,4668.680,5765.6000
1,54,70,4668.680,5598.3300
1,54,72,4668.680,5686.2200
1,54,74,4668.680,5449.6500
1,54,76,4668.680,5703.9600
1,54,78,4668.680,5619.7800
1,54,80,4668.680,5376.5200
1,54,81,4668.680,5830.9900
1,54,83,4668.680,5563.5500
1,54,85,4668.680,5432.1800
1,54,87,4668.680,5588.5800
1,54,89,4668.680,5467.1900
1,54,91,4668.680,5581.5300
1,54,93,4668.680,5368.4300
1,54,94,4668.680,5594.5100
1,54,96,4668.680,5191.1900
1,54,98,4668.680,4886.7100
1,54,100,4668.680,4939.1800
1,56,2,5139.817,2934.0300
1,56,4,5139.817,4869.1300
1,56,5,5139.817,3807.4600
1,56,7,5139.817,3971.1800
1,56,9,5139.817,3631.2100
1,56,11,5139.817,3387.5600
1,56,12,5139.817,4015.1600
1,56,14,5139.817,4400.5800
1,56,16,5139.817,4480.9100
1,56,18,5139.817,4246.7700
1,56,20,5139.817,4236.2800
1,56,21,5139.817,4332.9200
1,56,23,5139.817,4812.1400
1,56,25,5139.817,5023.3600
1,56,27,5139.817,5202.2300
1,56,29,5139.817,4809.0300
1,56,30,5139.817,5230.4500
1,56,32,5139.817,5286.2000
1,56,34,5139.817,6063.7400
1,56,36,5139.817,6098.0300
1,56,38,5139.817,5585.2300
1,56,39,5139.817,5279.2700
1,56,41,5139.817,6068.7000
1,56,43,5139.817,6071.2100
1,56,45,5139.817,6425.8800
1,56,46,5139.817,6610.9800
1,56,48,5139.817,6347.9500
1,56,50,5139.817,6231.8200
1,56,52,5139.817,6382.8700
1,56,54,5139.817,6320.7600
1,56,55,5139.817,6494.5900
1,56,57,5139.817,6488.0000
1,56,59,5139.817,7060.3300
1,56,61,5139.817,7361.1300
1,56,62,5139.817,6479.0600
1,56,64,5139.817,6723.5600
1,56,66,5139.817,6301.7300
1,56,68,5139.817,7355.5800
1,56,70,5139.817,7012.3500
1,56,71,5139.817,7413.4600
1,56,73,5139.817,6755.2300
1,56,75,5139.817,6896.1000
1,56,77,5139.817,6850.8600
1,56,79,5139.817,7132.7100
1,56,80,5139.817,7119.8400
1,56,82,5139.817,7278.0000
1,56,84,5139.817,7099.8600
1,56,86,5139.817,7485.1900
1,56,88,5139.817,7291.9200
1,56,89,5139.817,7631.4900
1,56,91,5139.817,7254.7800
1,56,93,5139.817,7462.9100
1,56,95,5139.817,7276.8500
1,56,96,5139.817,6749.0600
1,56,98,5139.817,6891.3900
1,56,100,5139.817,7768.4200
1,58,2,5387.409,3143.4300
1,58,3,5387.409,4829.4400
1,58,5,5387.409,3709.4300
1,58,7,5387.409,3896.8300
1,58,9,5387.409,3871.8700
1,58,10,5387.409,3445.4600
1,58,12,5387.409,3809.0100
1,58,14,5387.409,4207.8400
1,58,16,5387.409,4214.1100
1,58,17,5387.409,4189.8900
1,58,19,5387.409,4397.1100
1,58,21,5387.409,4506.2100
1,58,22,5387.409,4312.8000
1,58,24,5387.409,4652.7300
1,58,26,5387.409,4915.3100
1,58,28,5387.409,4789.4500
1,58,29,5387.409,4910.8000
1,58,31,5387.409,5214.1900
1,58,33,5387.409,4749.7500
1,58,34,5387.409,5498.8700
1,58,36,5387.409,5224.4800
1,58,38,5387.409,5305.9900
1,58,40,5387.409,5036.6500
1,58,41,5387.409,5991.2000
1,58,43,5387.409,5568.2600
1,58,45,5387.409,5976.8600
1,58,47,5387.409,5906.8400
1,58,48,5387.409,5690.3400
1,58,50,5387.409,5872.5200
1,58,52,5387.409,6062.6200
1,58,53,5387.409,5651.0600
1,58,55,5387.409,6011.7800
1,58,57,5387.409,6045.8900
1,58,59,5387.409,5939.7900
1,58,60,5387.409,6460.4000
1,58,62,5387.409,6325.2800
1,58,64,5387.409,5764.2600
1,58,66,5387.409,6114.5500
1,58,67,5387.409,6882.4700
1,58,69,5387.409,6275.9200
1,58,71,5387.409,6354.4500
1,58,72,5387.409,6312.9300
1,58,74,5387.409,6080.5000
1,58,76,5387.409,6254.7300
1,58,78,5387.409,6404.4600
1,58,79,5387.409,5748.0100
1,58,81,5387.409,6472.2900
1,58,83,5387.409,6223.6900
1,58,84,5387.409,5919.8000
1,58,86,5387.409,6208.2300
1,58,88,5387.409,6302.4100
1,58,90,5387.409,6216.6800
1,58,91,5387.409,6005.6800
1,58,93,5387.409,5969.4700
1,58,95,5387.409,5824.0500
1,58,97,5387.409,5638.9000
1,58,98,5387.409,5191.7000
1,58,100,5387.409,5239.4900
1,60,2,5888.089,3433.1100
1,60,3,5888.089,6306.5700
1,60,5,5888.089,5050.7700
1,60,7,5888.089,4973.6800
1,60,8,5888.089,4610.3400
1,60,10,5888.089,4375.3400
1,60,12,5888.089,4753.6400
1,60,13,5888.089,4811.1300
1,60,15,5888.089,5343.6400
1,60,17,5888.089,5294.1600
1,60,18,5888.089,5566.4700
1,60,20,5888.089,5323.2700
1,60,22,5888.089,5489.0100
1,60,23,5888.089,5880.5700
1,60,25,5888.089,6231.0700
1,60,27,5888.089,6161.8100
1,60,28,5888.089,5828.1900
1,60,30,5888.089,6449.9000
1,60,32,5888.089,6309.9900
1,60,33,5888.089,6231.8000
1,60,35,5888.089,6849.2000
1,60,37,5888.089,7296.3700
1,60,38,5888.089,6996.1600
1,60,40,5888.089,6123.4000
1,60,42,5888.089,7436.9200
1,60,43,5888.089,7705.4300
1,60,45,5888.089,7643.9800
1,60,47,5888.089,7707.5700
1,60,48,5888.089,7578.3300
1,60,50,5888.089,8798.1400
1,60,52,5888.089,7898.9100
1,60,53,5888.089,7586.6800
1,60,55,5888.089,7704.4600
1,60,57,5888.089,8156.4100
1,60,58,5888.089,8153.2800
1,60,60,5888.089,7818.5200
1,60,62,5888.089,8542.2100
1,60,63,5888.089,7912.6000
1,60,65,5888.089,7905.2600
1,60,67,5888.089,7734.0100
1,60,68,5888.089,8972.2400
1,60,70,5888.089,8488.1200
1,60,72,5888.089,9034.6600
1,60,73,5888.089,8631.9700
1,60,75,5888.089,8594.7400
1,60,77,5888.089,8117.8600
1,60,78,5888.089,8694.3100
1,60,80,5888.089,7539.3000
1,60,82,5888.089,9029.4900
1,60,83,5888.089,8744.9000
1,60,85,5888.089,8667.5400
1,60,87,5888.089,8439.8100
1,60,88,5888.089,8246.9100
1,60,90,5888.089,8554.1800
1,60,92,5888.089,8508.3700
1,60,93,5888.089,8151.3200
1,60,95,5888.089,8103.0700
1,60,97,5888.089,8581.3700
1,60,98,5888.089,7303.2000
1,60,100,5888.089,7140.5700
1,62,2,6138.666,3497.6500
1,62,3,6138.666,6053.8200
1,62,5,6138.666,4820.7900
1,62,6,6138.666,4498.8800
1,62,8,6138.666,4558.7000
1,62,10,6138.666,4231.2900
1,62,11,6138.666,4164.5200
1,62,13,6138.666,4338.3800
1,62,15,6138.666,4996.2600
1,62,16,6138.666,4786.0300
1,62,18,6138.666,4661.1700
1,62,19,6138.666,4858.4800
1,62,21,6138.666,4534.8300
1,62,23,6138.666,5247.9400
1,62,24,6138.666,5205.2200
1,62,26,6138.666,5498.8400
1,62,27,6138.666,5549.6800
1,62,29,6138.666,5721.4800
1,62,31,6138.666,5477.8100
1,62,32,6138.666,5489.0800
1,62,34,6138.666,6013.7400
1,62,35,6138.666,6067.8000
1,62,37,6138.666,5970.3000
1,62,39,6138.666,6097.2300
1,62,40,6138.666,6377.7300
1,62,42,6138.666,6574.8400
1,62,44,6138.666,6426.1000
1,62,45,6138.666,6441.8100
1,62,47,6138.666,6692.5900
1,62,48,6138.666,6383.6400
1,62,50,6138.666,6573.6900
1,62,52,6138.666,6839.8300
1,62,53,6138.666,6427.1000
1,62,55,6138.666,7030.0300
1,62,56,6138.666,6891.9100
1,62,58,6138.666,6845.8100
1,62,60,6138.666,6786.2200
1,62,61,6138.666,6883.0900
1,62,63,6138.666,6937.0000
1,62,65,6138.666,6742.1500
1,62,66,6138.666,6638.6200
1,62,68,6138.666,7813.4500
1,62,69,6138.666,7383.9000
1,62,71,6138.666,7165.7500
1,62,73,6138.666,7270.2200
1,62,74,6138.666,6910.6400
1,62,76,6138.666,7291.0800
1,62,77,6138.666,7132.2200
1,62,79,6138.666,7037.1900
1,62,81,6138.666,7139.9400
1,62,82,6138.666,7012.9900
1,62,84,6138.666,7188.6100
1,62,85,6138.666,7179.8900
1,62,87,6138.666,6867.1600
1,62,89,6138.666,6947.0300
1,62,90,6138.666,7026.8400
1,62,92,6138.666,6912.1200
1,62,94,6138.666,6640.7500
1,62,95,6138.666,6971.3100
1,62,97,6138.666,6301.2400
1,62,98,6138.666,6002.1000
1,62,100,6138.666,5827.6600
1,64,2,6670.195,3633.0700
1,64,3,6670.195,6673.0600
1,64,5,6670.195,5220.5800
1,64,6,6670.195,5169.2900
1,64,8,6670.195,5414.5300
1,64,9,6670.195,5257.7100
1,64,11,6670.195,4840.7900
1,64,12,6670.195,5632.5900
1,64,14,6670.195,6399.3000
1,64,16,6670.195,6725.7700
1,64,17,6670.195,6326.2500
1,64,19,6670.195,6684.5200
1,64,20,6670.195,7039.4500
1,64,22,6670.195,6516.5300
1,64,23,6670.195,7008.5800
1,64,25,6670.195,7772.8100
1,64,27,6670.195,7470.7000
1,64,28,6670.195,7744.8200
1,64,30,6670.195,8264.4300
1,64,31,6670.195,8193.0700
1,64,33,6670.195,7146.1400
1,64,34,6670.195,8619.3500
1,64,36,6670.195,8819.0100
1,64,38,6670.195,9160.6900
1,64,39,6670.195,8635.5400
1,64,41,6670.195,9893.5400
1,64,42,6670.195,9213.7700
1,64,44,6670.195,8872.2400
1,64,45,6670.195,9040.6700
1,64,47,6670.195,9961.4400
1,64,48,6670.195,9861.0600
1,64,50,6670.195,11283.6000
1,64,52,6670.195,9658.1300
1,64,53,6670.195,9819.6000
1,64,55,6670.195,9652.0900
1,64,56,6670.195,10288.3000
1,64,58,6670.195,10386.5000
1,64,59,6670.195,10566.5000
1,64,61,6670.195,10607.3000
1,64,62,6670.195,10294.6000
1,64,64,6670.195,10408.0000
1,64,66,6670.195,9685.5800
1,64,67,6670.195,10999.3000
1,64,69,6670.195,11390.8000
1,64,70,6670.195,11126.4000
1,64,72,6670.195,11193.5000
1,64,73,6670.195,10717.3000
1,64,75,6670.195,11086.3000
1,64,77,6670.195,10826.5000
1,64,78,6670.195,11454.2000
1,64,80,6670.195,11099.2000
1,64,81,6670.195,11830.5000
1,64,83,6670.195,10845.9000
1,64,84,6670.195,10982.7000
1,64,86,6670.195,11136.2000
1,64,88,6670.195,11591.1000
1,64,89,6670.195,11728.2000
1,64,91,6670.195,11795.6000
1,64,92,6670.195,11109.3000
1,64,94,6670.195,10850.3000
1,64,95,6670.195,11239.5000
1,64,97,6670.195,11679.5000
1,64,98,6670.195,9945.0100
1,64,100,6670.195,9337.5000
2,8,12,198.972,195.3970
2,8,25,198.972,233.7770
2,8,38,198.972,261.4250
2,8,50,198.972,281.1980
2,8,62,198.972,302.3650
2,8,75,198.972,302.1230
2,8,88,198.972,330.3760
2,8,100,198.972,421.1200
2,10,10,270.713,263.8360
2,10,20,270.713,307.9330
2,10,30,270.713,333.7420
2,10,40,270.713,342.7910
2,10,50,270.713,390.4550
2,10,60,270.713,412.2450
2,10,70,270.713,418.8820
2,10,80,270.713,413.2150
2,10,90,270.713,436.1060
2,10,100,270.713,601.8180
2,12,8,366.496,357.4840
2,12,17,366.496,358.8580
2,12,25,366.496,426.4630
2,12,33,366.496,469.7700
2,12,42,366.496,502.0640
2,12,50,366.496,520.5860
2,12,58,366.496,541.2950
2,12,67,366.496,510.0970
2,12,75,366.496,593.1810
2,12,83,366.496,557.1940
2,12,92,366.496,600.1140
2,12,100,366.496,821.7460
2,14,7,475.637,428.0530
2,14,14,475.637,445.2080
2,14,21,475.637,498.5260
2,14,29,475.637,540.9930
2,14,36,475.637,611.8200
2,14,43,475.637,652.0950
2,14,50,475.637,689.3700
2,14,57,475.637,691.3870
2,14,64,475.637,752.8230
2,14,71,475.637,750.0930
2,14,79,475.637,758.8700
2,14,86,475.637,758.7840
2,14,93,475.637,815.5890
2,14,100,475.637,1118.1600
2,16,6,598.137,517.6120
2,16,12,598.137,499.5080
2,16,19,598.137,605.7780
2,16,25,598.137,647.5220
2,16,31,598.137,722.6170
2,16,38,598.137,734.0110
2,16,44,598.137,842.5190
2,16,50,598.137,841.4020
2,16,56,598.137,911.7910
2,16,62,598.137,865.8770
2,16,69,598.137,924.7130
2,16,75,598.137,935.0860
2,16,81,598.137,960.9070
2,16,88,598.137,979.5110
2,16,94,598.137,986.1540
2,16,100,598.137,1383.1200
2,18,6,733.995,614.0130
2,18,11,733.995,613.3900
2,18,17,733.995,699.7530
2,18,22,733.995,753.1560
2,18,28,733.995,803.3930
2,18,33,733.995,923.3830
2,18,39,733.995,935.2120
2,18,44,733.995,1009.0400
2,18,50,733.995,1021.3500
2,18,56,733.995,1097.4000
2,18,61,733.995,1062.6400
2,18,67,733.995,1092.6400
2,18,72,733.995,1116.4800
2,18,78,733.995,1161.2200
2,18,83,733.995,1135.4000
2,18,89,733.995,1168.0000
2,18,94,733.995,1151.9500
2,18,100,733.995,1705.5900
2,20,5,885.166,670.9870
2,20,10,885.166,728.3820
2,20,15,885.166,817.4850
2,20,20,885.166,861.9430
2,20,25,885.166,913.3150
2,20,30,885.166,1005.0500
2,20,35,885.166,1106.5100
2,20,40,885.166,1121.8500
2,20,45,885.166,1247.7600
2,20,50,885.166,1226.6200
2,20,55,885.166,1289.0600
2,20,60,885.166,1316.9600
2,20,65,885.166,1334.3800
2,20,70,885.166,1347.9100
2,20,75,885.166,1334.8400
2,20,80,885.166,1383.7900
2,20,85,885.166,1341.3900
2,20,90,885.166,1371.3400
2,20,95,885.166,1311.4600
2,20,100,885.166,2071.0200
2,22,5,1046.694,789.7890
2,22,9,1046.694,1007.0500
2,22,14,1046.694,1154.9300
2,22,18,1046.694,1209.6700
2,22,23,1046.694,1235.1200
2,22,27,1046.694,1331.8200
2,22,32,1046.694,1340.6500
2,22,36,1046.694,1522.8500
2,22,41,1046.694,1482.6700
2,22,45,1046.694,1528.2000
2,22,50,1046.694,1411.9200
2,22,55,1046.694,1578.2500
2,22,59,1046.694,1579.9100
2,22,64,1046.694,1604.1100
2,22,68,1046.694,1743.0700
2,22,73,1046.694,1731.3200
2,22,77,1046.694,1711.8300
2,22,82,1046.694,1774.2600
2,22,86,1046.694,1707.7800
2,22,91,1046.694,1697.4300
2,22,95,1046.694,1699.6000
2,22,100,1046.694,1450.3200
2,24,4,1228.901,943.2770
2,24,8,1228.901,1195.6100
2,24,12,1228.901,1246.1900
2,24,17,1228.901,1238.9200
2,24,21,1228.901,1407.3200
2,24,25,1228.901,1405.5700
2,24,29,1228.901,1491.1400
2,24,33,1228.901,1425.6000
2,24,38,1228.901,1527.1500
2,24,42,1228.901,1681.5900
2,24,46,1228.901,1668.0000
2,24,50,1228.901,1592.4000
2,24,54,1228.901,1684.3100
2,24,58,1228.901,1736.0900
2,24,63,1228.901,1686.6500
2,24,67,1228.901,1679.3400
2,24,71,1228.901,1854.1300
2,24,75,1228.901,1714.6200
2,24,79,1228.901,1650.3000
2,24,83,1228.901,1691.2400
2,24,88,1228.901,1650.7800
2,24,92,1228.901,1620.8100
2,24,96,1228.901,1578.9500
2,24,100,1228.901,1468.6600
2,26,4,1360.666,1018.3500
2,26,8,1360.666,1256.7600
2,26,12,1360.666,1198.3200
2,26,15,1360.666,1270.8800
2,26,19,1360.666,1503.2300
2,26,23,1360.666,1459.7200
2,26,27,1360.666,1585.0700
2,26,31,1360.666,1618.6900
2,26,35,1360.666,1785.8000
2,26,38,1360.666,1765.9400
2,26,42,1360.666,1851.0200
2,26,46,1360.666,1886.3000
2,26,50,1360.666,1783.9900
2,26,54,1360.666,1933.3700
2,26,58,1360.666,1931.2900
2,26,62,1360.666,2034.9300
2,26,65,1360.666,1971.0000
2,26,69,1360.666,2103.3200
2,26,73,1360.666,2025.5200
2,26,77,1360.666,2056.0000
2,26,81,1360.666,2086.0100
2,26,85,1360.666,2009.8000
2,26,88,1360.666,2012.1600
2,26,92,1360.666,1975.0600
2,26,96,1360.666,1975.2200
2,26,100,1360.666,1668.3900
2,28,4,1585.392,1233.5600
2,28,7,1585.392,1511.8200
2,28,11,1585.392,1457.6800
2,28,14,1585.392,1634.2800
2,28,18,1585.392,1689.6400
2,28,21,1585.392,1643.5500
2,28,25,1585.392,1731.0900
2,28,29,1585.392,1805.1400
2,28,32,1585.392,1910.4700
2,28,36,1585.392,2106.2400
2,28,39,1585.392,1912.7800
2,28,43,1585.392,2111.5300
2,28,46,1585.392,2253.5300
2,28,50,1585.392,1995.6200
2,28,54,1585.392,2172.8300
2,28,57,1585.392,2166.4200
2,28,61,1585.392,2301.9500
2,28,64,1585.392,2155.9200
2,28,68,1585.392,2352.2000
2,28,71,1585.392,2318.4100
2,28,75,1585.392,2135.7800
2,28,79,1585.392,2210.2800
2,28,82,1585.392,2127.3300
2,28,86,1585.392,2127.6000
2,28,89,1585.392,2170.0600
2,28,93,1585.392,2069.8600
2,28,96,1585.392,1890.3900
2,28,100,1585.392,1857.6200
2,30,3,1763.660,1325.1100
2,30,7,1763.660,1695.4700
2,30,10,1763.660,1543.2400
2,30,13,1763.660,1688.2900
2,30,17,1763.660,1690.1600
2,30,20,1763.660,1790.6100
2,30,23,1763.660,1796.0100
2,30,27,1763.660,1954.5600
2,30,30,1763.660,2085.9200
2,30,33,1763.660,1923.5900
2,30,37,1763.660,2205.6200
2,30,40,1763.660,2125.2900
2,30,43,1763.660,2326.7900
2,30,47,1763.660,2465.7000
2,30,50,1763.660,2298.8000
2,30,53,1763.660,2384.8300
2,30,57,1763.660,2585.1400
2,30,60,1763.660,2448.7700
2,30,63,1763.660,2408.7600
2,30,67,1763.660,2439.5400
2,30,70,1763.660,2639.4000
2,30,73,1763.660,2539.2700
2,30,77,1763.660,2546.4600
2,30,80,1763.660,2395.9700
2,30,83,1763.660,2607.5900
2,30,87,1763.660,2492.7500
2,30,90,1763.660,2612.5600
2,30,93,1763.660,2386.2200
2,30,97,1763.660,2409.4700
2,30,100,1763.660,2158.5000
2,32,3,1897.573,1132.9900
2,32,6,1897.573,1396.7300
2,32,9,1897.573,1716.1700
2,32,12,1897.573,1715.6200
2,32,16,1897.573,2044.8500
2,32,19,1897.573,2081.3600
2,32,22,1897.573,2057.1300
2,32,25,1897.573,2251.0900
2,32,28,1897.573,2384.3000
2,32,31,1897.573,2487.8100
2,32,34,1897.573,2637.8400
2,32,38,1897.573,2822.0800
2,32,41,1897.573,3148.8600
2,32,44,1897.573,2880.8000
2,32,47,1897.573,3220.1800
2,32,50,1897.573,2921.9800
2,32,53,1897.573,3126.0700
2,32,56,1897.573,3467.6100
2,32,59,1897.573,3497.1600
2,32,62,1897.573,3554.9000
2,32,66,1897.573,3735.1900
2,32,69,1897.573,3853.6100
2,32,72,1897.573,3894.6300
2,32,75,1897.573,3793.2600
2,32,78,1897.573,4229.1000
2,32,81,1897.573,4374.4400
2,32,84,1897.573,4237.8200
2,32,88,1897.573,4492.1400
2,32,91,1897.573,4572.1600
2,32,94,1897.573,4458.2600
2,32,97,1897.573,4290.3200
2,32,100,1897.573,4154.8300
2,34,3,2063.248,1201.9400
2,34,6,2063.248,1432.4600
2,34,9,2063.248,1912.5400
2,34,12,2063.248,1765.1400
2,34,15,2063.248,2059.5000
2,34,18,2063.248,2230.2900
2,34,21,2063.248,2264.7300
2,34,24,2063.248,2508.4400
2,34,26,2063.248,2667.9100
2,34,29,2063.248,2697.3400
2,34,32,2063.248,2626.4800
2,34,35,2063.248,3065.0200
2,34,38,2063.248,3128.5600
2,34,41,2063.248,3262.0400
2,34,44,2063.248,3259.7000
2,34,47,2063.248,3687.1400
2,34,50,2063.248,3246.0200
2,34,53,2063.248,3655.2300
2,34,56,2063.248,3776.2400
2,34,59,2063.248,4081.2000
2,34,62,2063.248,4126.2000
2,34,65,2063.248,4170.8700
2,34,68,2063.248,4539.8400
2,34,71,2063.248,4524.4300
2,34,74,2063.248,4505.1500
2,34,76,2063.248,4684.9600
2,34,79,2063.248,4679.0200
2,34,82,2063.248,4850.6300
2,34,85,2063.248,4944.1100
2,34,88,2063.248,5172.9600
2,34,91,2063.248,5114.4700
2,34,94,2063.248,5076.4200
2,34,97,2063.248,5022.4100
2,34,100,2063.248,4835.0400
2,36,3,2371.971,1322.2900
2,36,6,2371.971,1566.4700
2,36,8,2371.971,2206.8100
2,36,11,2371.971,1991.8400
2,36,14,2371.971,2489.8400
2,36,17,2371.971,2454.6300
2,36,19,2371.971,2815.4600
2,36,22,2371.971,2933.3500
2,36,25,2371.971,3066.1100
2,36,28,2371.971,3262.5900
2,36,31,2371.971,3357.5300
2,36,33,2371.971,3245.6100
2,36,36,2371.971,3844.0200
2,36,39,2371.971,3886.3400
2,36,42,2371.971,4005.9200
2,36,44,2371.971,4205.0100
2,36,47,2371.971,4567.6300
2,36,50,2371.971,4100.2500
2,36,53,2371.971,4467.2400
2,36,56,2371.971,4700.5500
2,36,58,2371.971,5080.2200
2,36,61,2371.971,4976.4200
2,36,64,2371.971,5044.5900
2,36,67,2371.971,5113.8900
2,36,69,2371.971,5766.3300
2,36,72,2371.971,5579.5600
2,36,75,2371.971,5558.8800
2,36,78,2371.971,6011.6900
2,36,81,2371.971,6291.4100
2,36,83,2371.971,5942.8200
2,36,86,2371.971,6323.2200
2,36,89,2371.971,6631.6700
2,36,92,2371.971,6461.3700
2,36,94,2371.971,6451.1200
2,36,97,2371.971,6514.2400
2,36,100,2371.971,6272.4500
2,38,3,2519.562,1483.8900
2,38,5,2519.562,1660.4500
2,38,8,2519.562,2228.5400
2,38,11,2519.562,2102.4900
2,38,13,2519.562,2378.1100
2,38,16,2519.562,2690.0100
2,38,18,2519.562,2609.4300
2,38,21,2519.562,2594.6300
2,38,24,2519.562,3020.8600
2,38,26,2519.562,3330.5000
2,38,29,2519.562,3279.5300
2,38,32,2519.562,3214.8200
2,38,34,2519.562,3633.8800
2,38,37,2519.562,3750.5600
2,38,39,2519.562,3951.0300
2,38,42,2519.562,3741.0600
2,38,45,2519.562,3998.8300
2,38,47,2519.562,4382.3100
2,38,50,2519.562,3912.0100
2,38,53,2519.562,4270.1200
2,38,55,2519.562,4546.8200
2,38,58,2519.562,4805.8300
2,38,61,2519.562,4895.4100
2,38,63,2519.562,4744.4400
2,38,66,2519.562,4817.3300
2,38,68,2519.562,5113.0300
2,38,71,2519.562,5290.9000
2,38,74,2519.562,5282.9300
2,38,76,2519.562,5532.9300
2,38,79,2519.562,5732.6900
2,38,82,2519.562,5824.8700
2,38,84,2519.562,5671.1800
2,38,87,2519.562,5899.5400
2,38,89,2519.562,6100.8700
2,38,92,2519.562,5961.3400
2,38,95,2519.562,5963.5000
2,38,97,2519.562,5635.0500
2,38,100,2519.562,5597.5100
2,40,2,2716.410,1555.2800
2,40,5,2716.410,1784.3100
2,40,8,2716.410,2319.9200
2,40,10,2716.410,2208.9600
2,40,12,2716.410,2351.9200
2,40,15,2716.410,2717.5600
2,40,18,2716.410,2789.4600
2,40,20,2716.410,2805.0800
2,40,22,2716.410,2956.2800
2,40,25,2716.410,3153.9000
2,40,28,2716.410,3262.2000
2,40,30,2716.410,3558.8700
2,40,32,2716.410,3295.6800
2,40,35,2716.410,3798.6500
2,40,38,2716.410,3874.9900
2,40,40,2716.410,4376.5000
2,40,42,2716.410,3908.1800
2,40,45,2716.410,4154.1900
2,40,48,2716.410,4549.1400
2,40,50,2716.410,3889.8000
2,40,52,2716.410,4550.4600
2,40,55,2716.410,4505.2700
2,40,58,2716.410,4824.7600
2,40,60,2716.410,5013.8700
2,40,62,2716.410,4821.4900
2,40,65,2716.410,5297.4600
2,40,68,2716.410,5193.2200
2,40,70,2716.410,5460.4800
2,40,72,2716.410,5371.7500
2,40,75,2716.410,5205.0800
2,40,78,2716.410,5893.2300
2,40,80,2716.410,5999.5400
2,40,82,2716.410,6003.8000
2,40,85,2716.410,5949.8200
2,40,88,2716.410,6073.3400
2,40,90,2716.410,6412.8400
2,40,92,2716.410,5985.7300
2,40,95,2716.410,6262.8500
2,40,98,2716.410,5753.5000
2,40,100,2716.410,5796.0500
2,42,2,3067.461,1624.7400
2,42,5,3067.461,2015.9400
2,42,7,3067.461,2798.6500
2,42,10,3067.461,2701.7500
2,42,12,3067.461,2933.9300
2,42,14,3067.461,3143.2200
2,42,17,3067.461,3094.9500
2,42,19,3067.461,3601.7000
2,42,21,3067.461,3534.8100
2,42,24,3067.461,4028.1100
2,42,26,3067.461,4241.8400
2,42,29,3067.461,4365.1800
2,42,31,3067.461,4559.3400
2,42,33,3067.461,4401.0400
2,42,36,3067.461,5142.0400
2,42,38,3067.461,5124.1700
2,42,40,3067.461,5680.2600
2,42,43,3067.461,5419.8000
2,42,45,3067.461,5591.3200
2,42,48,3067.461,6033.0800
2,42,50,3067.461,5292.8400
2,42,52,3067.461,5995.3900
2,42,55,3067.461,6076.0600
2,42,57,3067.461,6668.4300
2,42,60,3067.461,6605.0500
2,42,62,3067.461,6746.5000
2,42,64,3067.461,6905.4000
2,42,67,3067.461,7147.8000
2,42,69,3067.461,7542.8200
2,42,71,3067.461,7650.4200
2,42,74,3067.461,7489.7900
2,42,76,3067.461,7941.6800
2,42,79,3067.461,8084.0300
2,42,81,3067.461,8302.2400
2,42,83,3067.461,7879.7400
2,42,86,3067.461,8459.7600
2,42,88,3067.461,8556.3500
2,42,90,3067.461,8751.8300
2,42,93,3067.461,8496.3100
2,42,95,3067.461,8703.7800
2,42,98,3067.461,8580.4500
2,42,100,3067.461,8427.8100
2,44,2,3232.834,1827.7600
2,44,5,3232.834,2116.1000
2,44,7,3232.834,2603.7200
2,44,9,3232.834,2947.7800
2,44,11,3232.834,2697.7100
2,44,14,3232.834,3257.3700
2,44,16,3232.834,3427.8600
2,44,18,3232.834,3336.9800
2,44,20,3232.834,3647.9500
2,44,23,3232.834,3744.8700
2,44,25,3232.834,4063.6600
2,44,27,3232.834,4143.4900
2,44,30,3232.834,4376.8600
2,44,32,3232.834,4059.9500
2,44,34,3232.834,4596.8600
2,44,36,3232.834,4878.3800
2,44,39,3232.834,4928.4300
2,44,41,3232.834,5160.3000
2,44,43,3232.834,5100.0800
2,44,45,3232.834,5237.0100
2,44,48,3232.834,5780.1200
2,44,50,3232.834,4938.6000
2,44,52,3232.834,5558.5300
2,44,55,3232.834,5635.4100
2,44,57,3232.834,5923.5700
2,44,59,3232.834,6179.6800
2,44,61,3232.834,6299.6600
2,44,64,3232.834,6276.8600
2,44,66,3232.834,6201.0900
2,44,68,3232.834,6568.7500
2,44,70,3232.834,6880.8900
2,44,73,3232.834,6806.3600
2,44,75,3232.834,6657.5700
2,44,77,3232.834,7355.3400
2,44,80,3232.834,7327.1500
2,44,82,3232.834,7336.9200
2,44,84,3232.834,7272.3500
2,44,86,3232.834,7572.2000
2,44,89,3232.834,7811.2700
2,44,91,3232.834,7751.5700
2,44,93,3232.834,7616.7500
2,44,95,3232.834,7770.2400
2,44,98,3232.834,7306.9100
2,44,100,3232.834,7404.5600
2,46,2,3452.116,1860.9100
2,46,4,3452.116,2224.2400
2,46,7,3452.116,2702.3100
2,46,9,3452.116,2929.0500
2,46,11,3452.116,2725.4200
2,46,13,3452.116,3154.4100
2,46,15,3452.116,3534.4500
2,46,17,3452.116,3364.4400
2,46,20,3452.116,3579.0500
2,46,22,3452.116,3745.4400
2,46,24,3452.116,4244.9100
2,46,26,3452.116,4441.2500
2,46,28,3452.116,4302.5800
2,46,30,3452.116,4564.4000
2,46,33,3452.116,4180.2800
2,46,35,3452.116,4840.7000
2,46,37,3452.116,5334.3700
2,46,39,3452.116,5323.2400
2,46,41,3452.116,5051.5100
2,46,43,3452.116,5105.7100
2,46,46,3452.116,5421.5800
2,46,48,3452.116,5916.0200
2,46,50,3452.116,4841.4200
2,46,52,3452.116,5741.3800
2,46,54,3452.116,5893.2700
2,46,57,3452.116,6113.9800
2,46,59,3452.116,6262.7700
2,46,61,3452.116,6583.6900
2,46,63,3452.116,6289.5400
2,46,65,3452.116,6796.7900
2,46,67,3452.116,6530.8200
2,46,70,3452.116,7050.2900
2,46,72,3452.116,6842.5100
2,46,74,3452.116,6930.2400
2,46,76,3452.116,7211.8900
2,46,78,3452.116,7420.3600
2,46,80,3452.116,7718.3100
2,46,83,3452.116,7521.5800
2,46,85,3452.116,7497.2800
2,46,87,3452.116,7797.3900
2,46,89,3452.116,7962.6300
2,46,91,3452.116,7828.3000
2,46,93,3452.116,7740.4800
2,46,96,3452.116,8061.6600
2,46,98,3452.116,7312.4000
2,46,100,3452.116,7221.3200
2,48,2,3847.614,1875.5700
2,48,4,3847.614,2329.3000
2,48,6,3847.614,2730.5000
2,48,8,3847.614,3273.0000
2,48,10,3847.614,2861.0200
2,48,12,3847.614,3194.8200
2,48,15,3847.614,3838.4500
2,48,17,3847.614,3586.0700
2,48,19,3847.614,3962.2400
2,48,21,3847.614,3962.4900
2,48,23,3847.614,4266.4900
2,48,25,3847.614,4357.5400
2,48,27,3847.614,4875.8900
2,48,29,3847.614,4897.8700
2,48,31,3847.614,5083.6500
2,48,33,3847.614,4672.8600
2,48,35,3847.614,5425.7100
2,48,38,3847.614,5551.6900
2,48,40,3847.614,5696.4500
2,48,42,3847.614,5655.1900
2,48,44,3847.614,5777.8100
2,48,46,3847.614,6133.5300
2,48,48,3847.614,6649.5800
2,48,50,3847.614,5935.7800
2,48,52,3847.614,6240.3300
2,48,54,3847.614,6350.9400
2,48,56,3847.614,6881.4500
2,48,58,3847.614,7086.4100
2,48,60,3847.614,7447.0100
2,48,63,3847.614,6946.2400
2,48,65,3847.614,7200.7800
2,48,67,3847.614,6911.8800
2,48,69,3847.614,7760.0100
2,48,71,3847.614,7775.7800
2,48,73,3847.614,7538.9900
2,48,75,3847.614,7442.9700
2,48,77,3847.614,8178.7500
2,48,79,3847.614,8019.6200
2,48,81,3847.614,8597.6200
2,48,83,3847.614,8080.0400
2,48,85,3847.614,8467.5100
2,48,88,3847.614,8666.5600
2,48,90,3847.614,9001.4000
2,48,92,3847.614,8615.3600
2,48,94,3847.614,8705.3900
2,48,96,3847.614,8787.2100
2,48,98,3847.614,8246.7200
2,48,100,3847.614,8522.8400
2,50,2,4170.019,3128.4400
2,50,4,4170.019,3488.6000
2,50,6,4170.019,3403.9600
2,50,8,4170.019,3347.2000
2,50,10,4170.019,3239.6900
2,50,12,4170.019,3269.2000
2,50,14,4170.019,3776.9100
2,50,16,4170.019,3638.0100
2,50,18,4170.019,3725.3900
2,50,20,4170.019,3777.5700
2,50,22,4170.019,4013.8700
2,50,24,4170.019,4132.9100
2,50,26,4170.019,4370.0500
2,50,28,4170.019,4219.7700
2,50,30,4170.019,4338.8600
2,50,32,4170.019,4352.7500
2,50,34,4170.019,4922.6300
2,50,36,4170.019,4940.0100
2,50,38,4170.019,4864.3200
2,50,40,4170.019,4429.7800
2,50,42,4170.019,4723.2000
2,50,44,4170.019,5013.2700
2,50,46,4170.019,4981.4500
2,50,48,4170.019,5034.1900
2,50,50,4170.019,4984.1000
2,50,52,4170.019,5257.0300
2,50,54,4170.019,5189.1200
2,50,56,4170.019,5320.1100
2,50,58,4170.019,5347.3800
2,50,60,4170.019,5378.5900
2,50,62,4170.019,5387.4800
2,50,64,4170.019,5145.8800
2,50,66,4170.019,5092.5500
2,50,68,4170.019,5847.4700
2,50,70,4170.019,5338.1900
2,50,72,4170.019,5665.9500
2,50,74,4170.019,5223.4600
2,50,76,4170.019,5562.2100
2,50,78,4170.019,5558.8400
2,50,80,4170.019,5057.2200
2,50,82,4170.019,5409.0300
2,50,84,4170.019,5414.0400
2,50,86,4170.019,5460.4600
2,50,88,4170.019,5493.5000
2,50,90,4170.019,5227.3100
2,50,92,4170.019,5246.3600
2,50,94,4170.019,5119.3000
2,50,96,4170.019,5155.8900
2,50,98,4170.019,4579.6800
2,50,100,4170.019,4500.9600
2,52,2,4653.732,3092.7000
2,52,4,4653.732,4167.2400
2,52,6,4653.732,3774.5600
2,52,8,4653.732,3779.7900
2,52,10,4653.732,3512.5400
2,52,12,4653.732,3628.5400
2,52,13,4653.732,4256.0100
2,52,15,4653.732,4077.5600
2,52,17,4653.732,4175.8700
2,52,19,4653.732,4161.6100
2,52,21,4653.732,4198.4500
2,52,23,4653.732,4390.4900
2,52,25,4653.732,4568.1200
2,52,27,4653.732,4756.3600
2,52,29,4653.732,5016.2300
2,52,31,4653.732,4735.8000
2,52,33,4653.732,4517.8800
2,52,35,4653.732,5263.9900
2,52,37,4653.732,5338.1900
2,52,38,4653.732,5276.4200
2,52,40,4653.732,5609.7300
2,52,42,4653.732,5280.4000
2,52,44,4653.732,5172.2000
2,52,46,4653.732,5357.1600
2,52,48,4653.732,5256.5700
2,52,50,4653.732,5412.9100
2,52,52,4653.732,5540.4500
2,52,54,4653.732,5471.1800
2,52,56,4653.732,5618.3300
2,52,58,4653.732,5746.4000
2,52,60,4653.732,5546.3900
2,52,62,4653.732,5495.8800
2,52,63,4653.732,5362.0200
2,52,65,4653.732,5041.1800
2,52,67,4653.732,6043.9600
2,52,69,4653.732,5899.8700
2,52,71,4653.732,5577.5300
2,52,73,4653.732,5526.6500
2,52,75,4653.732,5040.4400
2,52,77,4653.732,5314.8400
2,52,79,4653.732,5153.8100
2,52,81,4653.732,5645.8400
2,52,83,4653.732,5301.7700
2,52,85,4653.732,5075.5500
2,52,87,4653.732,5294.6700
2,52,88,4653.732,5264.1200
2,52,90,4653.732,5056.8900
2,52,92,4653.732,4950.4600
2,52,94,4653.732,4821.4000
2,52,96,4653.732,4852.3000
2,52,98,4653.732,4525.5900
2,52,100,4653.732,5362.5400
2,54,2,4884.864,3161.0600
2,54,4,4884.864,4420.5000
2,54,6,4884.864,3612.5000
2,54,7,4884.864,3829.9500
2,54,9,4884.864,3575.6200
2,54,11,4884.864,3381.5800
2,54,13,4884.864,3936.3800
2,54,15,4884.864,4238.7700
2,54,17,4884.864,4174.0000
2,54,19,4884.864,4245.3500
2,54,20,4884.864,4426.8900
2,54,22,4884.864,4170.6300
2,54,24,4884.864,4412.4400
2,54,26,4884.864,4840.9800
2,54,28,4884.864,4785.2000
2,54,30,4884.864,5077.6300
2,54,31,4884.864,4757.5400
2,54,33,4884.864,4605.3800
2,54,35,4884.864,5054.7800
2,54,37,4884.864,5298.6300
2,54,39,4884.864,5139.4000
2,54,41,4884.864,5707.1000
2,54,43,4884.864,5299.0300
2,54,44,4884.864,5379.4800
2,54,46,4884.864,5552.5500
2,54,48,4884.864,5478.2400
2,54,50,4884.864,5547.6500
2,54,52,4884.864,5954.1000
2,54,54,4884.864,5687.0300
2,54,56,4884.864,5836.3200
2,54,57,4884.864,5968.7800
2,54,59,4884.864,6042.0400
2,54,61,4884.864,6062.3400
2,54,63,4884.864,5961.8900
2,54,65,4884.864,5778.2000
2,54,67,4884.864,5855.6900
2,54,69,4884.864,6195.9600
2,54,70,4884.864,6010.8400
2,54,72,4884.864,6109.1000
2,54,74,4884.864,5869.8600
2,54,76,4884.864,6124.2400
2,54,78,4884.864,6042.8600
2,54,80,4884.864,5784.2200
2,54,81,4884.864,6260.3100
2,54,83,4884.864,5965.1100
2,54,85,4884.864,5863.1700
2,54,87,4884.864,6022.3400
2,54,89,4884.864,5882.1700
2,54,91,4884.864,6018.0900
2,54,93,4884.864,5784.6600
2,54,94,4884.864,6010.6800
2,54,96,4884.864,5629.0900
2,54,98,4884.864,5316.5200
2,54,100,4884.864,5369.0300
2,56,2,5365.418,3255.2900
2,56,4,5365.418,5207.1300
2,56,5,5365.418,4150.8400
2,56,7,5365.418,4319.0200
2,56,9,5365.418,3981.4800
2,56,11,5365.418,3741.4400
2,56,12,5365.418,4366.5600
2,56,14,5365.418,4761.8900
2,56,16,5365.418,4850.3900
2,56,18,5365.418,4609.1700
2,56,20,5365.418,4604.7200
2,56,21,5365.418,4705.7200
2,56,23,5365.418,5203.5200
2,56,25,5365.418,5401.8800
2,56,27,5365.418,5594.3400
2,56,29,5365.418,5200.0900
2,56,30,5365.418,5613.8000
2,56,32,5365.418,5674.6800
2,56,34,5365.418,6473.5100
2,56,36,5365.418,6508.1500
2,56,38,5365.418,5980.3400
2,56,39,5365.418,5666.5600
2,56,41,5365.418,6475.7500
2,56,43,5365.418,6487.6000
2,56,45,5365.418,6845.9700
2,56,46,5365.418,7037.5500
2,56,48,5365.418,6778.4700
2,56,50,5365.418,6617.0900
2,56,52,5365.418,6787.0800
2,56,54,5365.418,6726.5600
2,56,55,5365.418,6903.4100
2,56,57,5365.418,6926.7500
2,56,59,5365.418,7482.9200
2,56,61,5365.418,7791.1100
2,56,62,5365.418,6899.8700
2,56,64,5365.418,7134.1200
2,56,66,5365.418,6754.2000
2,56,68,5365.418,7815.8400
2,56,70,5365.418,7448.7200
2,56,71,5365.418,7858.4500
2,56,73,5365.418,7188.1300
2,56,75,5365.418,7306.9700
2,56,77,5365.418,7282.5200
2,56,79,5365.418,7571.7600
2,56,80,5365.418,7544.7800
2,56,82,5365.418,7715.4200
2,56,84,5365.418,7542.4400
2,56,86,5365.418,7942.1700
2,56,88,5365.418,7724.9900
2,56,89,5365.418,8064.5600
2,56,91,5365.418,7711.5800
2,56,93,5365.418,7897.4500
2,56,95,5365.418,7725.5400
2,56,96,5365.418,7191.8300
2,56,98,5365.418,7340.1900
2,56,100,5365.418,8217.0700
2,58,2,5619.606,3477.4800
2,58,3,5619.606,5180.1000
2,58,5,5619.606,4065.3700
2,58,7,5619.606,4257.1800
2,58,9,5619.606,4231.8100
2,58,10,5619.606,3813.8800
2,58,12,5619.606,4176.3900
2,58,14,5619.606,4581.2500
2,58,16,5619.606,4588.9400
2,58,17,5619.606,4571.0400
2,58,19,5619.606,4772.1900
2,58,21,5619.606,4893.2500
2,58,22,5619.606,4704.1900
2,58,24,5619.606,5055.9900
2,58,26,5619.606,5313.2000
2,58,28,5619.606,5181.2200
2,58,29,5619.606,5309.5700
2,58,31,5619.606,5614.1900
2,58,33,5619.606,5165.1900
2,58,34,5619.606,5922.3000
2,58,36,5619.606,5653.3100
2,58,38,5619.606,5718.0900
2,58,40,5619.606,5438.9000
2,58,41,5619.606,6413.7000
2,58,43,5619.606,5999.6600
2,58,45,5619.606,6412.3600
2,58,47,5619.606,6349.3100
2,58,48,5619.606,6134.5400
2,58,50,5619.606,6269.2400
2,58,52,5619.606,6478.4000
2,58,53,5619.606,6083.9500
2,58,55,5619.606,6431.9800
2,58,57,5619.606,6493.2700
2,58,59,5619.606,6372.1400
2,58,60,5619.606,6900.3000
2,58,62,5619.606,6770.9000
2,58,64,5619.606,6186.5300
2,58,66,5619.606,6563.5100
2,58,67,5619.606,7371.9900
2,58,69,5619.606,6724.0400
2,58,71,5619.606,6799.3100
2,58,72,5619.606,6775.6100
2,58,74,5619.606,6532.0000
2,58,76,5619.606,6705.2300
2,58,78,5619.606,6857.7400
2,58,79,5619.606,6187.7100
2,58,81,5619.606,6920.9700
2,58,83,5619.606,6668.9900
2,58,84,5619.606,6368.9100
2,58,86,5619.606,6684.1900
2,58,88,5619.606,6761.6800
2,58,90,5619.606,6676.4600
2,58,91,5619.606,6474.4500
2,58,93,5619.606,6430.5800
2,58,95,5619.606,6286.1600
2,58,97,5619.606,6095.6300
2,58,98,5619.606,5653.3400
2,58,100,5619.606,5701.1700
2,60,2,6128.822,3778.6700
2,60,3,6128.822,6668.3100
2,60,5,6128.822,5417.6700
2,60,7,6128.822,5345.0400
2,60,8,6128.822,4979.8900
2,60,10,6128.822,4753.6700
2,60,12,6128.822,5131.9900
2,60,13,6128.822,5200.0400
2,60,15,6128.822,5729.8100
2,60,17,6128.822,5684.7800
2,60,18,6128.822,5957.4300
2,60,20,6128.822,5717.8000
2,60,22,6128.822,5889.6800
2,60,23,6128.822,6292.4200
2,60,25,6128.822,6635.4100
2,60,27,6128.822,6579.9000
2,60,28,6128.822,6244.6500
2,60,30,6128.822,6855.9600
2,60,32,6128.822,6730.1400
2,60,33,6128.822,6663.6800
2,60,35,6128.822,7281.7600
2,60,37,6128.822,7732.0600
2,60,38,6128.822,7427.8900
2,60,40,6128.822,6542.1200
2,60,42,6128.822,7875.4000
2,60,43,6128.822,8153.6400
2,60,45,6128.822,8096.4900
2,60,47,6128.822,8165.4000
2,60,48,6128.822,8038.5200
2,60,50,6128.822,9208.5400
2,60,52,6128.822,8328.4400
2,60,53,6128.822,8033.1200
2,60,55,6128.822,8136.5800
2,60,57,6128.822,8612.1200
2,60,58,6128.822,8598.0300
2,60,60,6128.822,8271.0300
2,60,62,6128.822,8997.4100
2,60,63,6128.822,8348.3600
2,60,65,6128.822,8351.3200
2,60,67,6128.822,8228.5200
2,60,68,6128.822,9449.5100
2,60,70,6128.822,8937.8200
2,60,72,6128.822,9510.8500
2,60,73,6128.822,9093.8800
2,60,75,6128.822,9032.7000
2,60,77,6128.822,8577.4400
2,60,78,6128.822,9176.3900
2,60,80,6128.822,7992.3100
2,60,82,6128.822,9507.8900
2,60,83,6128.822,9190.9500
2,60,85,6128.822,9132.7600
2,60,87,6128.822,8920.0100
2,60,88,6128.822,8723.7000
2,60,90,6128.822,9015.2800
2,60,92,6128.822,8977.6600
2,60,93,6128.822,8628.8600
2,60,95,6128.822,8565.4200
2,60,97,6128.822,9054.5500
2,60,98,6128.822,7780.7600
2,60,100,6128.822,7618.1800
2,62,2,6386.171,3853.8300
2,62,3,6386.171,6427.4600
2,62,5,6386.171,5197.9600
2,62,6,6386.171,4881.8800
2,62,8,6386.171,4938.8000
2,62,10,6386.171,4623.4200
2,62,11,6386.171,4556.3100
2,62,13,6386.171,4737.1700
2,62,15,6386.171,5393.9800
2,62,16,6386.171,5192.8900
2,62,18,6386.171,5059.5600
2,62,19,6386.171,5261.6400
2,62,21,6386.171,4949.8000
2,62,23,6386.171,5674.2300
2,62,24,6386.171,5634.3900
2,62,26,6386.171,5921.5700
2,62,27,6386.171,5973.7400
2,62,29,6386.171,6152.5400
2,62,31,6386.171,5900.3100
2,62,32,6386.171,5917.4600
2,62,34,6386.171,6462.7500
2,62,35,6386.171,6516.6400
2,62,37,6386.171,6421.6600
2,62,39,6386.171,6542.5000
2,62,40,6386.171,6811.3800
2,62,42,6386.171,7028.9100
2,62,44,6386.171,6889.4300
2,62,45,6386.171,6910.3500
2,62,47,6386.171,7164.1100
2,62,48,6386.171,6855.1100
2,62,50,6386.171,6994.0800
2,62,52,6386.171,7279.5300
2,62,53,6386.171,6883.7800
2,62,55,6386.171,7487.9100
2,62,56,6386.171,7357.2700
2,62,58,6386.171,7314.6100
2,62,60,6386.171,7270.1200
2,62,61,6386.171,7325.6200
2,62,63,6386.171,7397.1900
2,62,65,6386.171,7196.7600
2,62,66,6386.171,7133.0900
2,62,68,6386.171,8312.0500
2,62,69,6386.171,7860.9400
2,62,71,6386.171,7624.9300
2,62,73,6386.171,7755.9100
2,62,74,6386.171,7368.4400
2,62,76,6386.171,7789.0700
2,62,77,6386.171,7618.2400
2,62,79,6386.171,7517.7400
2,62,81,6386.171,7602.7800
2,62,82,6386.171,7491.2400
2,62,84,6386.171,7649.4800
2,62,85,6386.171,7677.3300
2,62,87,6386.171,7360.0400
2,62,89,6386.171,7418.4400
2,62,90,6386.171,7511.3300
2,62,92,6386.171,7370.4200
2,62,94,6386.171,7107.8000
2,62,95,6386.171,7443.7100
2,62,97,6386.171,6799.8600
2,62,98,6386.171,6488.9200
2,62,100,6386.171,6313.6100
2,64,2,6926.589,4001.6800
2,64,3,6926.589,7052.5000
2,64,5,6926.589,5611.6200
2,64,6,6926.589,5562.6600
2,64,8,6926.589,5806.6600
2,64,9,6926.589,5662.3200
2,64,11,6926.589,5245.9500
2,64,12,6926.589,6034.0700
2,64,14,6926.589,6811.9400
2,64,16,6926.589,7139.5000
2,64,17,6926.589,6746.3500
2,64,19,6926.589,7096.2500
2,64,20,6926.589,7462.6200
2,64,22,6926.589,6944.2100
2,64,23,6926.589,7448.4500
2,64,25,6926.589,8204.1900
2,64,27,6926.589,7915.9500
2,64,28,6926.589,8181.2100
2,64,30,6926.589,8706.7000
2,64,31,6926.589,8635.3500
2,64,33,6926.589,7604.6500
2,64,34,6926.589,9085.3900
2,64,36,6926.589,9289.4000
2,64,38,6926.589,9610.3500
2,64,39,6926.589,9087.9300
2,64,41,6926.589,10345.4000
2,64,42,6926.589,9687.7000
2,64,44,6926.589,9340.0100
2,64,45,6926.589,9528.5200
2,64,47,6926.589,10442.7000
2,64,48,6926.589,10353.1000
2,64,50,6926.589,11721.7000
2,64,52,6926.589,10115.5000
2,64,53,6926.589,10286.8000
2,64,55,6926.589,10126.7000
2,64,56,6926.589,10765.3000
2,64,58,6926.589,10872.6000
2,64,59,6926.589,11044.6000
2,64,61,6926.589,11102.7000
2,64,62,6926.589,10773.7000
2,64,64,6926.589,10874.8000
2,64,66,6926.589,10183.4000
2,64,67,6926.589,11538.6000
2,64,69,6926.589,11885.2000
2,64,70,6926.589,11615.4000
2,64,72,6926.589,11693.3000
2,64,73,6926.589,11210.9000
2,64,75,6926.589,11553.8000
2,64,77,6926.589,11332.9000
2,64,78,6926.589,11958.5000
2,64,80,6926.589,11582.9000
2,64,81,6926.589,12327.2000
2,64,83,6926.589,11337.7000
2,64,84,6926.589,11478.4000
2,64,86,6926.589,11658.5000
2,64,88,6926.589,12083.5000
2,64,89,6926.589,12220.5000
2,64,91,6926.589,12303.2000
2,64,92,6926.589,11610.5000
2,64,94,6926.589,11343.9000
2,64,95,6926.589,11735.2000
2,64,97,6926.589,12192.8000
2,64,98,6926.589,10455.0000
2,64,100,6926.589,9847.5000
