technology [nm],latency [ns],datawidth,n_inputs,num_pipeline_stages,toggling activity [%],action,energy [fJ],area [um^2]
40,10,8,2,0,12,transfer,10.0498,53.402
40,10,8,2,0,25,transfer,13.3624,53.402
40,10,8,2,0,38,transfer,16.6844,53.402
40,10,8,2,0,50,transfer,20.0110,53.402
40,10,8,2,0,62,transfer,23.3404,53.402
40,10,8,2,0,75,transfer,26.6599,53.402
40,10,8,2,0,88,transfer,29.9855,53.402
40,10,8,2,0,100,transfer,33.3101,53.402
40,10,9,2,0,11,transfer,10.9263,56.879
40,10,9,2,0,22,transfer,14.2525,56.879
40,10,9,2,0,33,transfer,17.5740,56.879
40,10,9,2,0,44,transfer,20.8995,56.879
40,10,9,2,0,56,transfer,24.2236,56.879
40,10,9,2,0,67,transfer,27.5663,56.879
40,10,9,2,0,78,transfer,30.8772,56.879
40,10,9,2,0,89,transfer,34.2044,56.879
40,10,9,2,0,100,transfer,37.5302,56.879
40,10,10,2,0,10,transfer,11.5383,60.356
40,10,10,2,0,20,transfer,14.8636,60.356
40,10,10,2,0,30,transfer,18.1907,60.356
40,10,10,2,0,40,transfer,21.5165,60.356
40,10,10,2,0,50,transfer,24.8430,60.356
40,10,10,2,0,60,transfer,28.1691,60.356
40,10,10,2,0,70,transfer,31.4962,60.356
40,10,10,2,0,80,transfer,34.8226,60.356
40,10,10,2,0,90,transfer,38.1490,60.356
40,10,10,2,0,100,transfer,41.4760,60.356
40,10,11,2,0,9,transfer,12.2760,63.833
40,10,11,2,0,18,transfer,15.6062,63.833
40,10,11,2,0,27,transfer,18.9319,63.833
40,10,11,2,0,36,transfer,22.2625,63.833
40,10,11,2,0,45,transfer,25.5877,63.833
40,10,11,2,0,55,transfer,28.9155,63.833
40,10,11,2,0,64,transfer,32.2398,63.833
40,10,11,2,0,73,transfer,35.5675,63.833
40,10,11,2,0,82,transfer,38.8910,63.833
40,10,11,2,0,91,transfer,42.2169,63.833
40,10,11,2,0,100,transfer,45.5424,63.833
40,10,12,2,0,8,transfer,12.7552,67.310
40,10,12,2,0,17,transfer,16.0921,67.310
40,10,12,2,0,25,transfer,19.4272,67.310
40,10,12,2,0,33,transfer,22.7584,67.310
40,10,12,2,0,42,transfer,26.0806,67.310
40,10,12,2,0,50,transfer,29.4032,67.310
40,10,12,2,0,58,transfer,32.7274,67.310
40,10,12,2,0,67,transfer,36.0720,67.310
40,10,12,2,0,75,transfer,39.3816,67.310
40,10,12,2,0,83,transfer,42.7065,67.310
40,10,12,2,0,92,transfer,46.0326,67.310
40,10,12,2,0,100,transfer,49.3590,67.310
40,10,13,2,0,8,transfer,13.5583,70.787
40,10,13,2,0,15,transfer,16.9080,70.787
40,10,13,2,0,23,transfer,20.2447,70.787
40,10,13,2,0,31,transfer,23.5663,70.787
40,10,13,2,0,38,transfer,26.8824,70.787
40,10,13,2,0,46,transfer,30.2121,70.787
40,10,13,2,0,54,transfer,33.5409,70.787
40,10,13,2,0,62,transfer,36.8675,70.787
40,10,13,2,0,69,transfer,40.1871,70.787
40,10,13,2,0,77,transfer,43.5187,70.787
40,10,13,2,0,85,transfer,46.8443,70.787
40,10,13,2,0,92,transfer,50.1713,70.787
40,10,13,2,0,100,transfer,53.4966,70.787
40,10,14,2,0,7,transfer,14.2977,74.264
40,10,14,2,0,14,transfer,17.6625,74.264
40,10,14,2,0,21,transfer,20.9872,74.264
40,10,14,2,0,29,transfer,24.3014,74.264
40,10,14,2,0,36,transfer,27.6327,74.264
40,10,14,2,0,43,transfer,30.9653,74.264
40,10,14,2,0,50,transfer,34.2863,74.264
40,10,14,2,0,57,transfer,37.6098,74.264
40,10,14,2,0,64,transfer,40.9369,74.264
40,10,14,2,0,71,transfer,44.2684,74.264
40,10,14,2,0,79,transfer,47.5899,74.264
40,10,14,2,0,86,transfer,50.9188,74.264
40,10,14,2,0,93,transfer,54.2464,74.264
40,10,14,2,0,100,transfer,57.5733,74.264
40,10,15,2,0,7,transfer,14.9819,77.741
40,10,15,2,0,13,transfer,18.3553,77.741
40,10,15,2,0,20,transfer,21.6634,77.741
40,10,15,2,0,27,transfer,24.9825,77.741
40,10,15,2,0,33,transfer,28.3236,77.741
40,10,15,2,0,40,transfer,31.6528,77.741
40,10,15,2,0,47,transfer,34.9646,77.741
40,10,15,2,0,53,transfer,38.2986,77.741
40,10,15,2,0,60,transfer,41.6199,77.741
40,10,15,2,0,67,transfer,44.9700,77.741
40,10,15,2,0,73,transfer,48.2733,77.741
40,10,15,2,0,80,transfer,51.6091,77.741
40,10,15,2,0,87,transfer,54.9241,77.741
40,10,15,2,0,93,transfer,58.2520,77.741
40,10,15,2,0,100,transfer,61.5776,77.741
40,10,16,2,0,6,transfer,15.6592,81.218
40,10,16,2,0,12,transfer,19.0383,81.218
40,10,16,2,0,19,transfer,22.3318,81.218
40,10,16,2,0,25,transfer,25.6693,81.218
40,10,16,2,0,31,transfer,28.9995,81.218
40,10,16,2,0,38,transfer,32.3164,81.218
40,10,16,2,0,44,transfer,35.6497,81.218
40,10,16,2,0,50,transfer,38.9721,81.218
40,10,16,2,0,56,transfer,42.2991,81.218
40,10,16,2,0,62,transfer,45.6312,81.218
40,10,16,2,0,69,transfer,48.9452,81.218
40,10,16,2,0,75,transfer,52.2767,81.218
40,10,16,2,0,81,transfer,55.6043,81.218
40,10,16,2,0,88,transfer,58.9298,81.218
40,10,16,2,0,94,transfer,62.2560,81.218
40,10,16,2,0,100,transfer,65.5828,81.218
40,10,17,2,0,6,transfer,16.4035,85.347
40,10,17,2,0,12,transfer,19.7802,85.347
40,10,17,2,0,18,transfer,23.0693,85.347
40,10,17,2,0,24,transfer,26.4214,85.347
40,10,17,2,0,29,transfer,29.7305,85.347
40,10,17,2,0,35,transfer,33.0618,85.347
40,10,17,2,0,41,transfer,36.3926,85.347
40,10,17,2,0,47,transfer,39.7106,85.347
40,10,17,2,0,53,transfer,43.0433,85.347
40,10,17,2,0,59,transfer,46.3673,85.347
40,10,17,2,0,65,transfer,49.6898,85.347
40,10,17,2,0,71,transfer,53.0225,85.347
40,10,17,2,0,76,transfer,56.3423,85.347
40,10,17,2,0,82,transfer,59.6735,85.347
40,10,17,2,0,88,transfer,62.9956,85.347
40,10,17,2,0,94,transfer,66.3244,85.347
40,10,17,2,0,100,transfer,69.6500,85.347
40,10,18,2,0,6,transfer,17.1540,88.824
40,10,18,2,0,11,transfer,20.5228,88.824
40,10,18,2,0,17,transfer,23.8149,88.824
40,10,18,2,0,22,transfer,27.1718,88.824
40,10,18,2,0,28,transfer,30.4763,88.824
40,10,18,2,0,33,transfer,33.8202,88.824
40,10,18,2,0,39,transfer,37.1341,88.824
40,10,18,2,0,44,transfer,40.4687,88.824
40,10,18,2,0,50,transfer,43.7927,88.824
40,10,18,2,0,56,transfer,47.1196,88.824
40,10,18,2,0,61,transfer,50.4457,88.824
40,10,18,2,0,67,transfer,53.7993,88.824
40,10,18,2,0,72,transfer,57.0980,88.824
40,10,18,2,0,78,transfer,60.4275,88.824
40,10,18,2,0,83,transfer,63.7544,88.824
40,10,18,2,0,89,transfer,67.0818,88.824
40,10,18,2,0,94,transfer,70.4070,88.824
40,10,18,2,0,100,transfer,73.7350,88.824
40,10,19,2,0,5,transfer,17.7174,92.477
40,10,19,2,0,11,transfer,21.0704,92.477
40,10,19,2,0,16,transfer,24.3739,92.477
40,10,19,2,0,21,transfer,27.7229,92.477
40,10,19,2,0,26,transfer,31.0306,92.477
40,10,19,2,0,32,transfer,34.3753,92.477
40,10,19,2,0,37,transfer,37.6862,92.477
40,10,19,2,0,42,transfer,41.0277,92.477
40,10,19,2,0,47,transfer,44.3411,92.477
40,10,19,2,0,53,transfer,47.6802,92.477
40,10,19,2,0,58,transfer,50.9941,92.477
40,10,19,2,0,63,transfer,54.3326,92.477
40,10,19,2,0,68,transfer,57.6516,92.477
40,10,19,2,0,74,transfer,60.9851,92.477
40,10,19,2,0,79,transfer,64.3053,92.477
40,10,19,2,0,84,transfer,67.6375,92.477
40,10,19,2,0,89,transfer,70.9602,92.477
40,10,19,2,0,95,transfer,74.2899,92.477
40,10,19,2,0,100,transfer,77.6162,92.477
40,10,20,2,0,5,transfer,18.2810,95.954
40,10,20,2,0,10,transfer,21.6127,95.954
40,10,20,2,0,15,transfer,24.9377,95.954
40,10,20,2,0,20,transfer,28.2673,95.954
40,10,20,2,0,25,transfer,31.5939,95.954
40,10,20,2,0,30,transfer,34.9227,95.954
40,10,20,2,0,35,transfer,38.2489,95.954
40,10,20,2,0,40,transfer,41.5892,95.954
40,10,20,2,0,45,transfer,44.9022,95.954
40,10,20,2,0,50,transfer,48.2328,95.954
40,10,20,2,0,55,transfer,51.5602,95.954
40,10,20,2,0,60,transfer,54.8866,95.954
40,10,20,2,0,65,transfer,58.2137,95.954
40,10,20,2,0,70,transfer,61.5420,95.954
40,10,20,2,0,75,transfer,64.8695,95.954
40,10,20,2,0,80,transfer,68.2085,95.954
40,10,20,2,0,85,transfer,71.5244,95.954
40,10,20,2,0,90,transfer,74.8526,95.954
40,10,20,2,0,95,transfer,78.1791,95.954
40,10,20,2,0,100,transfer,81.5079,95.954
40,10,21,2,0,5,transfer,18.9738,99.431
40,10,21,2,0,10,transfer,22.2790,99.431
40,10,21,2,0,14,transfer,25.6295,99.431
40,10,21,2,0,19,transfer,28.9349,99.431
40,10,21,2,0,24,transfer,32.2822,99.431
40,10,21,2,0,29,transfer,35.5983,99.431
40,10,21,2,0,33,transfer,38.9372,99.431
40,10,21,2,0,38,transfer,42.2465,99.431
40,10,21,2,0,43,transfer,45.5903,99.431
40,10,21,2,0,48,transfer,48.9010,99.431
40,10,21,2,0,52,transfer,52.2429,99.431
40,10,21,2,0,57,transfer,55.5650,99.431
40,10,21,2,0,62,transfer,58.8961,99.431
40,10,21,2,0,67,transfer,62.2512,99.431
40,10,21,2,0,71,transfer,65.5487,99.431
40,10,21,2,0,76,transfer,68.8676,99.431
40,10,21,2,0,81,transfer,72.2009,99.431
40,10,21,2,0,86,transfer,75.5309,99.431
40,10,21,2,0,90,transfer,78.8524,99.431
40,10,21,2,0,95,transfer,82.1784,99.431
40,10,21,2,0,100,transfer,85.5073,99.431
40,10,22,2,0,5,transfer,19.6724,102.908
40,10,22,2,0,9,transfer,22.9524,102.908
40,10,22,2,0,14,transfer,26.3238,102.908
40,10,22,2,0,18,transfer,29.6122,102.908
40,10,22,2,0,23,transfer,32.9703,102.908
40,10,22,2,0,27,transfer,36.2698,102.908
40,10,22,2,0,32,transfer,39.6228,102.908
40,10,22,2,0,36,transfer,42.9306,102.908
40,10,22,2,0,41,transfer,46.2703,102.908
40,10,22,2,0,45,transfer,49.5880,102.908
40,10,22,2,0,50,transfer,52.9190,102.908
40,10,22,2,0,55,transfer,56.2461,102.908
40,10,22,2,0,59,transfer,59.5743,102.908
40,10,22,2,0,64,transfer,62.9001,102.908
40,10,22,2,0,68,transfer,66.2321,102.908
40,10,22,2,0,73,transfer,69.5542,102.908
40,10,22,2,0,77,transfer,72.8831,102.908
40,10,22,2,0,82,transfer,76.2081,102.908
40,10,22,2,0,86,transfer,79.5377,102.908
40,10,22,2,0,91,transfer,82.8632,102.908
40,10,22,2,0,95,transfer,86.1885,102.908
40,10,22,2,0,100,transfer,89.5174,102.908
40,10,23,2,0,4,transfer,20.4349,106.385
40,10,23,2,0,9,transfer,23.6877,106.385
40,10,23,2,0,13,transfer,27.0757,106.385
40,10,23,2,0,17,transfer,30.3521,106.385
40,10,23,2,0,22,transfer,33.7179,106.385
40,10,23,2,0,26,transfer,37.0138,106.385
40,10,23,2,0,30,transfer,40.3546,106.385
40,10,23,2,0,35,transfer,43.6796,106.385
40,10,23,2,0,39,transfer,47.0030,106.385
40,10,23,2,0,43,transfer,50.3353,106.385
40,10,23,2,0,48,transfer,53.6499,106.385
40,10,23,2,0,52,transfer,56.9892,106.385
40,10,23,2,0,57,transfer,60.3054,106.385
40,10,23,2,0,61,transfer,63.6338,106.385
40,10,23,2,0,65,transfer,66.9602,106.385
40,10,23,2,0,70,transfer,70.2831,106.385
40,10,23,2,0,74,transfer,73.6178,106.385
40,10,23,2,0,78,transfer,76.9377,106.385
40,10,23,2,0,83,transfer,80.2685,106.385
40,10,23,2,0,87,transfer,83.5904,106.385
40,10,23,2,0,91,transfer,86.9200,106.385
40,10,23,2,0,96,transfer,90.2430,106.385
40,10,23,2,0,100,transfer,93.5719,106.385
40,10,24,2,0,4,transfer,21.2545,110.038
40,10,24,2,0,8,transfer,24.4858,110.038
40,10,24,2,0,12,transfer,27.8866,110.038
40,10,24,2,0,17,transfer,31.1586,110.038
40,10,24,2,0,21,transfer,34.5164,110.038
40,10,24,2,0,25,transfer,37.8309,110.038
40,10,24,2,0,29,transfer,41.1529,110.038
40,10,24,2,0,33,transfer,44.4944,110.038
40,10,24,2,0,38,transfer,47.7997,110.038
40,10,24,2,0,42,transfer,51.1403,110.038
40,10,24,2,0,46,transfer,54.4553,110.038
40,10,24,2,0,50,transfer,57.7863,110.038
40,10,24,2,0,54,transfer,61.1164,110.038
40,10,24,2,0,58,transfer,64.4326,110.038
40,10,24,2,0,63,transfer,67.7717,110.038
40,10,24,2,0,67,transfer,71.1269,110.038
40,10,24,2,0,71,transfer,74.4200,110.038
40,10,24,2,0,75,transfer,77.7409,110.038
40,10,24,2,0,79,transfer,81.0676,110.038
40,10,24,2,0,83,transfer,84.3923,110.038
40,10,24,2,0,88,transfer,87.7191,110.038
40,10,24,2,0,92,transfer,91.0443,110.038
40,10,24,2,0,96,transfer,94.3676,110.038
40,10,24,2,0,100,transfer,97.6965,110.038
40,10,25,2,0,4,transfer,21.7578,113.515
40,10,25,2,0,8,transfer,24.9678,113.515
40,10,25,2,0,12,transfer,28.3805,113.515
40,10,25,2,0,16,transfer,31.6535,113.515
40,10,25,2,0,20,transfer,34.9987,113.515
40,10,25,2,0,24,transfer,38.3339,113.515
40,10,25,2,0,28,transfer,41.6375,113.515
40,10,25,2,0,32,transfer,44.9874,113.515
40,10,25,2,0,36,transfer,48.2969,113.515
40,10,25,2,0,40,transfer,51.6422,113.515
40,10,25,2,0,44,transfer,54.9614,113.515
40,10,25,2,0,48,transfer,58.2727,113.515
40,10,25,2,0,52,transfer,61.6130,113.515
40,10,25,2,0,56,transfer,64.9266,113.515
40,10,25,2,0,60,transfer,68.2587,113.515
40,10,25,2,0,64,transfer,71.5807,113.515
40,10,25,2,0,68,transfer,74.9195,113.515
40,10,25,2,0,72,transfer,78.2389,113.515
40,10,25,2,0,76,transfer,81.5573,113.515
40,10,25,2,0,80,transfer,84.9019,113.515
40,10,25,2,0,84,transfer,88.2177,113.515
40,10,25,2,0,88,transfer,91.5383,113.515
40,10,25,2,0,92,transfer,94.8664,113.515
40,10,25,2,0,96,transfer,98.1903,113.515
40,10,25,2,0,100,transfer,101.5190,113.515
40,10,26,2,0,4,transfer,22.1338,117.522
40,10,26,2,0,8,transfer,25.3239,117.522
40,10,26,2,0,12,transfer,28.7411,117.522
40,10,26,2,0,15,transfer,32.0276,117.522
40,10,26,2,0,19,transfer,35.3506,117.522
40,10,26,2,0,23,transfer,38.7027,117.522
40,10,26,2,0,27,transfer,42.0000,117.522
40,10,26,2,0,31,transfer,45.3448,117.522
40,10,26,2,0,35,transfer,48.6665,117.522
40,10,26,2,0,38,transfer,51.9802,117.522
40,10,26,2,0,42,transfer,55.3269,117.522
40,10,26,2,0,46,transfer,58.6369,117.522
40,10,26,2,0,50,transfer,61.9692,117.522
40,10,26,2,0,54,transfer,65.2988,117.522
40,10,26,2,0,58,transfer,68.6140,117.522
40,10,26,2,0,62,transfer,71.9490,117.522
40,10,26,2,0,65,transfer,75.2771,117.522
40,10,26,2,0,69,transfer,78.5919,117.522
40,10,26,2,0,73,transfer,81.9255,117.522
40,10,26,2,0,77,transfer,85.2484,117.522
40,10,26,2,0,81,transfer,88.5799,117.522
40,10,26,2,0,85,transfer,91.9021,117.522
40,10,26,2,0,88,transfer,95.2304,117.522
40,10,26,2,0,92,transfer,98.5546,117.522
40,10,26,2,0,96,transfer,101.8780,117.522
40,10,26,2,0,100,transfer,105.2070,117.522
40,10,27,2,0,4,transfer,23.0120,120.999
40,10,27,2,0,7,transfer,26.1847,120.999
40,10,27,2,0,11,transfer,29.6032,120.999
40,10,27,2,0,15,transfer,32.9045,120.999
40,10,27,2,0,19,transfer,36.2086,120.999
40,10,27,2,0,22,transfer,39.5802,120.999
40,10,27,2,0,26,transfer,42.8672,120.999
40,10,27,2,0,30,transfer,46.2005,120.999
40,10,27,2,0,33,transfer,49.5426,120.999
40,10,27,2,0,37,transfer,52.8431,120.999
40,10,27,2,0,41,transfer,56.1882,120.999
40,10,27,2,0,44,transfer,59.5173,120.999
40,10,27,2,0,48,transfer,62.8265,120.999
40,10,27,2,0,52,transfer,66.1646,120.999
40,10,27,2,0,56,transfer,69.4837,120.999
40,10,27,2,0,59,transfer,72.8097,120.999
40,10,27,2,0,63,transfer,76.1449,120.999
40,10,27,2,0,67,transfer,79.4991,120.999
40,10,27,2,0,70,transfer,82.7903,120.999
40,10,27,2,0,74,transfer,86.1161,120.999
40,10,27,2,0,78,transfer,89.4378,120.999
40,10,27,2,0,81,transfer,92.7607,120.999
40,10,27,2,0,85,transfer,96.0907,120.999
40,10,27,2,0,89,transfer,99.4221,120.999
40,10,27,2,0,93,transfer,102.7410,120.999
40,10,27,2,0,96,transfer,106.0640,120.999
40,10,27,2,0,100,transfer,109.3930,120.999
40,10,28,2,0,4,transfer,23.7771,124.476
40,10,28,2,0,7,transfer,26.9301,124.476
40,10,28,2,0,11,transfer,30.3467,124.476
40,10,28,2,0,14,transfer,33.6664,124.476
40,10,28,2,0,18,transfer,36.9520,124.476
40,10,28,2,0,21,transfer,40.3164,124.476
40,10,28,2,0,25,transfer,43.6283,124.476
40,10,28,2,0,29,transfer,46.9511,124.476
40,10,28,2,0,32,transfer,50.2942,124.476
40,10,28,2,0,36,transfer,53.6001,124.476
40,10,28,2,0,39,transfer,56.9331,124.476
40,10,28,2,0,43,transfer,60.2673,124.476
40,10,28,2,0,46,transfer,63.5735,124.476
40,10,28,2,0,50,transfer,66.9088,124.476
40,10,28,2,0,54,transfer,70.2408,124.476
40,10,28,2,0,57,transfer,73.5605,124.476
40,10,28,2,0,61,transfer,76.8851,124.476
40,10,28,2,0,64,transfer,80.2056,124.476
40,10,28,2,0,68,transfer,83.5502,124.476
40,10,28,2,0,71,transfer,86.8679,124.476
40,10,28,2,0,75,transfer,90.1895,124.476
40,10,28,2,0,79,transfer,93.5089,124.476
40,10,28,2,0,82,transfer,96.8414,124.476
40,10,28,2,0,86,transfer,100.1720,124.476
40,10,28,2,0,89,transfer,103.4940,124.476
40,10,28,2,0,93,transfer,106.8180,124.476
40,10,28,2,0,96,transfer,110.1410,124.476
40,10,28,2,0,100,transfer,113.4690,124.476
40,10,29,2,0,3,transfer,24.1672,127.953
40,10,29,2,0,7,transfer,27.2999,127.953
40,10,29,2,0,10,transfer,30.7076,127.953
40,10,29,2,0,14,transfer,34.0475,127.953
40,10,29,2,0,17,transfer,37.3188,127.953
40,10,29,2,0,21,transfer,40.6821,127.953
40,10,29,2,0,24,transfer,44.0118,127.953
40,10,29,2,0,28,transfer,47.3056,127.953
40,10,29,2,0,31,transfer,50.6578,127.953
40,10,29,2,0,34,transfer,53.9802,127.953
40,10,29,2,0,38,transfer,57.2917,127.953
40,10,29,2,0,41,transfer,60.6302,127.953
40,10,29,2,0,45,transfer,63.9590,127.953
40,10,29,2,0,48,transfer,67.2715,127.953
40,10,29,2,0,52,transfer,70.6107,127.953
40,10,29,2,0,55,transfer,73.9287,127.953
40,10,29,2,0,59,transfer,77.2515,127.953
40,10,29,2,0,62,transfer,80.5874,127.953
40,10,29,2,0,66,transfer,83.9128,127.953
40,10,29,2,0,69,transfer,87.2274,127.953
40,10,29,2,0,72,transfer,90.5607,127.953
40,10,29,2,0,76,transfer,93.8822,127.953
40,10,29,2,0,79,transfer,97.2135,127.953
40,10,29,2,0,83,transfer,100.5380,127.953
40,10,29,2,0,86,transfer,103.8620,127.953
40,10,29,2,0,90,transfer,107.1870,127.953
40,10,29,2,0,93,transfer,110.5130,127.953
40,10,29,2,0,97,transfer,113.8360,127.953
40,10,29,2,0,100,transfer,117.1650,127.953
40,10,30,2,0,3,transfer,24.7910,131.430
40,10,30,2,0,7,transfer,27.9115,131.430
40,10,30,2,0,10,transfer,31.3093,131.430
40,10,30,2,0,13,transfer,34.6699,131.430
40,10,30,2,0,17,transfer,37.9324,131.430
40,10,30,2,0,20,transfer,41.2884,131.430
40,10,30,2,0,23,transfer,44.6340,131.430
40,10,30,2,0,27,transfer,47.9249,131.430
40,10,30,2,0,30,transfer,51.2682,131.430
40,10,30,2,0,33,transfer,54.6083,131.430
40,10,30,2,0,37,transfer,57.9065,131.430
40,10,30,2,0,40,transfer,61.2641,131.430
40,10,30,2,0,43,transfer,64.5809,131.430
40,10,30,2,0,47,transfer,67.8877,131.430
40,10,30,2,0,50,transfer,71.2249,131.430
40,10,30,2,0,53,transfer,74.5581,131.430
40,10,30,2,0,57,transfer,77.8723,131.430
40,10,30,2,0,60,transfer,81.2031,131.430
40,10,30,2,0,63,transfer,84.5349,131.430
40,10,30,2,0,67,transfer,87.8917,131.430
40,10,30,2,0,70,transfer,91.1820,131.430
40,10,30,2,0,73,transfer,94.5087,131.430
40,10,30,2,0,77,transfer,97.8318,131.430
40,10,30,2,0,80,transfer,101.1770,131.430
40,10,30,2,0,83,transfer,104.4850,131.430
40,10,30,2,0,87,transfer,107.8080,131.430
40,10,30,2,0,90,transfer,111.1380,131.430
40,10,30,2,0,93,transfer,114.4650,131.430
40,10,30,2,0,97,transfer,117.7880,131.430
40,10,30,2,0,100,transfer,121.1170,131.430
40,10,31,2,0,3,transfer,25.2315,134.907
40,10,31,2,0,6,transfer,28.3377,134.907
40,10,31,2,0,10,transfer,31.7242,134.907
40,10,31,2,0,13,transfer,35.1002,134.907
40,10,31,2,0,16,transfer,38.3643,134.907
40,10,31,2,0,19,transfer,41.7032,134.907
40,10,31,2,0,23,transfer,45.0622,134.907
40,10,31,2,0,26,transfer,48.3542,134.907
40,10,31,2,0,29,transfer,51.6857,134.907
40,10,31,2,0,32,transfer,55.0324,134.907
40,10,31,2,0,35,transfer,58.3419,134.907
40,10,31,2,0,39,transfer,61.6576,134.907
40,10,31,2,0,42,transfer,65.0042,134.907
40,10,31,2,0,45,transfer,68.3179,134.907
40,10,31,2,0,48,transfer,71.6390,134.907
40,10,31,2,0,52,transfer,74.9767,134.907
40,10,31,2,0,55,transfer,78.2994,134.907
40,10,31,2,0,58,transfer,81.6143,134.907
40,10,31,2,0,61,transfer,84.9543,134.907
40,10,31,2,0,65,transfer,88.2679,134.907
40,10,31,2,0,68,transfer,91.6154,134.907
40,10,31,2,0,71,transfer,94.9336,134.907
40,10,31,2,0,74,transfer,98.2566,134.907
40,10,31,2,0,77,transfer,101.5760,134.907
40,10,31,2,0,81,transfer,104.9130,134.907
40,10,31,2,0,84,transfer,108.2300,134.907
40,10,31,2,0,87,transfer,111.5530,134.907
40,10,31,2,0,90,transfer,114.8820,134.907
40,10,31,2,0,94,transfer,118.2070,134.907
40,10,31,2,0,97,transfer,121.5300,134.907
40,10,31,2,0,100,transfer,124.8590,134.907
40,10,32,2,0,3,transfer,25.8751,138.384
40,10,32,2,0,6,transfer,28.9685,138.384
40,10,32,2,0,9,transfer,32.3347,138.384
40,10,32,2,0,12,transfer,35.7284,138.384
40,10,32,2,0,16,transfer,38.9956,138.384
40,10,32,2,0,19,transfer,42.3133,138.384
40,10,32,2,0,22,transfer,45.6844,138.384
40,10,32,2,0,25,transfer,48.9863,138.384
40,10,32,2,0,28,transfer,52.2972,138.384
40,10,32,2,0,31,transfer,55.6469,138.384
40,10,32,2,0,34,transfer,58.9687,138.384
40,10,32,2,0,38,transfer,62.2774,138.384
40,10,32,2,0,41,transfer,65.6269,138.384
40,10,32,2,0,44,transfer,68.9447,138.384
40,10,32,2,0,47,transfer,72.2508,138.384
40,10,32,2,0,50,transfer,75.5888,138.384
40,10,32,2,0,53,transfer,78.9204,138.384
40,10,32,2,0,56,transfer,82.2328,138.384
40,10,32,2,0,59,transfer,85.5643,138.384
40,10,32,2,0,62,transfer,88.8986,138.384
40,10,32,2,0,66,transfer,92.2241,138.384
40,10,32,2,0,69,transfer,95.5334,138.384
40,10,32,2,0,72,transfer,98.8681,138.384
40,10,32,2,0,75,transfer,102.1910,138.384
40,10,32,2,0,78,transfer,105.5130,138.384
40,10,32,2,0,81,transfer,108.8410,138.384
40,10,32,2,0,84,transfer,112.1710,138.384
40,10,32,2,0,88,transfer,115.4900,138.384
40,10,32,2,0,91,transfer,118.8200,138.384
40,10,32,2,0,94,transfer,122.1430,138.384
40,10,32,2,0,97,transfer,125.4640,138.384
40,10,32,2,0,100,transfer,128.7930,138.384
40,10,8,3,0,12,transfer,16.3560,77.009
40,10,8,3,0,25,transfer,20.2336,77.009
40,10,8,3,0,38,transfer,24.0210,77.009
40,10,8,3,0,50,transfer,27.9013,77.009
40,10,8,3,0,62,transfer,31.6591,77.009
40,10,8,3,0,75,transfer,35.5073,77.009
40,10,8,3,0,88,transfer,39.2651,77.009
40,10,8,3,0,100,transfer,43.1140,77.009
40,10,9,3,0,11,transfer,17.9895,82.022
40,10,9,3,0,22,transfer,21.7760,82.022
40,10,9,3,0,33,transfer,25.5622,82.022
40,10,9,3,0,44,transfer,29.3485,82.022
40,10,9,3,0,56,transfer,33.1350,82.022
40,10,9,3,0,67,transfer,36.8634,82.022
40,10,9,3,0,78,transfer,40.6164,82.022
40,10,9,3,0,89,transfer,44.4041,82.022
40,10,9,3,0,100,transfer,48.1904,82.022
40,10,10,3,0,10,transfer,19.2419,86.735
40,10,10,3,0,20,transfer,23.1203,86.735
40,10,10,3,0,30,transfer,26.9678,86.735
40,10,10,3,0,40,transfer,30.8462,86.735
40,10,10,3,0,50,transfer,34.6941,86.735
40,10,10,3,0,60,transfer,38.5421,86.735
40,10,10,3,0,70,transfer,42.4206,86.735
40,10,10,3,0,80,transfer,46.2684,86.735
40,10,10,3,0,90,transfer,50.1166,86.735
40,10,10,3,0,100,transfer,53.9642,86.735
40,10,11,3,0,9,transfer,20.5846,91.448
40,10,11,3,0,18,transfer,24.3400,91.448
40,10,11,3,0,27,transfer,28.1266,91.448
40,10,11,3,0,36,transfer,31.8516,91.448
40,10,11,3,0,45,transfer,35.5775,91.448
40,10,11,3,0,55,transfer,39.3630,91.448
40,10,11,3,0,64,transfer,43.1790,91.448
40,10,11,3,0,73,transfer,46.9337,91.448
40,10,11,3,0,82,transfer,50.7195,91.448
40,10,11,3,0,91,transfer,54.4751,91.448
40,10,11,3,0,100,transfer,58.2295,91.448
40,10,12,3,0,8,transfer,21.4810,96.161
40,10,12,3,0,17,transfer,25.2094,96.161
40,10,12,3,0,25,transfer,28.9374,96.161
40,10,12,3,0,33,transfer,32.6949,96.161
40,10,12,3,0,42,transfer,36.4202,96.161
40,10,12,3,0,50,transfer,40.1465,96.161
40,10,12,3,0,58,transfer,43.9024,96.161
40,10,12,3,0,67,transfer,47.6634,96.161
40,10,12,3,0,75,transfer,51.3859,96.161
40,10,12,3,0,83,transfer,55.1419,96.161
40,10,12,3,0,92,transfer,58.8992,96.161
40,10,12,3,0,100,transfer,62.6251,96.161
40,10,13,3,0,8,transfer,23.1445,100.874
40,10,13,3,0,15,transfer,27.0265,100.874
40,10,13,3,0,23,transfer,30.9045,100.874
40,10,13,3,0,31,transfer,34.8418,100.874
40,10,13,3,0,38,transfer,38.7170,100.874
40,10,13,3,0,46,transfer,42.6254,100.874
40,10,13,3,0,54,transfer,46.5029,100.874
40,10,13,3,0,62,transfer,50.4108,100.874
40,10,13,3,0,69,transfer,54.2860,100.874
40,10,13,3,0,77,transfer,58.1936,100.874
40,10,13,3,0,85,transfer,62.1010,100.874
40,10,13,3,0,92,transfer,66.0092,100.874
40,10,13,3,0,100,transfer,69.8854,100.874
40,10,14,3,0,7,transfer,24.5137,105.588
40,10,14,3,0,14,transfer,28.3676,105.588
40,10,14,3,0,21,transfer,32.2440,105.588
40,10,14,3,0,29,transfer,36.0863,105.588
40,10,14,3,0,36,transfer,39.9333,105.588
40,10,14,3,0,43,transfer,43.7809,105.588
40,10,14,3,0,50,transfer,47.6872,105.588
40,10,14,3,0,57,transfer,51.5930,105.588
40,10,14,3,0,64,transfer,55.4088,105.588
40,10,14,3,0,71,transfer,59.2866,105.588
40,10,14,3,0,79,transfer,63.1612,105.588
40,10,14,3,0,86,transfer,67.0076,105.588
40,10,14,3,0,93,transfer,70.8538,105.588
40,10,14,3,0,100,transfer,74.7303,105.588
40,10,15,3,0,7,transfer,25.7042,110.301
40,10,15,3,0,13,transfer,29.4374,110.301
40,10,15,3,0,20,transfer,33.1887,110.301
40,10,15,3,0,27,transfer,36.9414,110.301
40,10,15,3,0,33,transfer,40.6983,110.301
40,10,15,3,0,40,transfer,44.4841,110.301
40,10,15,3,0,47,transfer,48.2361,110.301
40,10,15,3,0,53,transfer,51.9606,110.301
40,10,15,3,0,60,transfer,55.7450,110.301
40,10,15,3,0,67,transfer,59.5341,110.301
40,10,15,3,0,73,transfer,63.2837,110.301
40,10,15,3,0,80,transfer,67.0399,110.301
40,10,15,3,0,87,transfer,70.7915,110.301
40,10,15,3,0,93,transfer,74.5157,110.301
40,10,15,3,0,100,transfer,78.3007,110.301
40,10,16,3,0,6,transfer,26.9884,115.014
40,10,16,3,0,12,transfer,30.8146,115.014
40,10,16,3,0,19,transfer,34.5632,115.014
40,10,16,3,0,25,transfer,38.3202,115.014
40,10,16,3,0,31,transfer,42.0754,115.014
40,10,16,3,0,38,transfer,45.8585,115.014
40,10,16,3,0,44,transfer,49.6144,115.014
40,10,16,3,0,50,transfer,53.3991,115.014
40,10,16,3,0,56,transfer,57.1529,115.014
40,10,16,3,0,62,transfer,60.9401,115.014
40,10,16,3,0,69,transfer,64.7227,115.014
40,10,16,3,0,75,transfer,68.5091,115.014
40,10,16,3,0,81,transfer,72.2940,115.014
40,10,16,3,0,88,transfer,76.0792,115.014
40,10,16,3,0,94,transfer,79.8341,115.014
40,10,16,3,0,100,transfer,83.6193,115.014
40,10,17,3,0,6,transfer,28.4771,120.080
40,10,17,3,0,12,transfer,32.3337,120.080
40,10,17,3,0,18,transfer,36.1725,120.080
40,10,17,3,0,24,transfer,39.9950,120.080
40,10,17,3,0,29,transfer,43.9001,120.080
40,10,17,3,0,35,transfer,47.7485,120.080
40,10,17,3,0,41,transfer,51.6264,120.080
40,10,17,3,0,47,transfer,55.5025,120.080
40,10,17,3,0,53,transfer,59.3514,120.080
40,10,17,3,0,59,transfer,63.1666,120.080
40,10,17,3,0,65,transfer,67.0744,120.080
40,10,17,3,0,71,transfer,70.9535,120.080
40,10,17,3,0,76,transfer,74.7993,120.080
40,10,17,3,0,82,transfer,78.6472,120.080
40,10,17,3,0,88,transfer,82.4928,120.080
40,10,17,3,0,94,transfer,86.3409,120.080
40,10,17,3,0,100,transfer,90.2181,120.080
40,10,18,3,0,6,transfer,29.8450,125.146
40,10,18,3,0,11,transfer,33.7003,125.146
40,10,18,3,0,17,transfer,37.5095,125.146
40,10,18,3,0,22,transfer,41.3623,125.146
40,10,18,3,0,28,transfer,45.1741,125.146
40,10,18,3,0,33,transfer,48.9633,125.146
40,10,18,3,0,39,transfer,52.7770,125.146
40,10,18,3,0,44,transfer,56.6256,125.146
40,10,18,3,0,50,transfer,60.5026,125.146
40,10,18,3,0,56,transfer,64.3795,125.146
40,10,18,3,0,61,transfer,68.2569,125.146
40,10,18,3,0,67,transfer,72.1087,125.146
40,10,18,3,0,72,transfer,75.9811,125.146
40,10,18,3,0,78,transfer,79.7673,125.146
40,10,18,3,0,83,transfer,83.5526,125.146
40,10,18,3,0,89,transfer,87.3688,125.146
40,10,18,3,0,94,transfer,91.2161,125.146
40,10,18,3,0,100,transfer,95.0629,125.146
40,10,19,3,0,5,transfer,31.0192,129.859
40,10,19,3,0,11,transfer,35.0132,129.859
40,10,19,3,0,16,transfer,38.9977,129.859
40,10,19,3,0,21,transfer,42.9910,129.859
40,10,19,3,0,26,transfer,46.9763,129.859
40,10,19,3,0,32,transfer,50.9688,129.859
40,10,19,3,0,37,transfer,54.9547,129.859
40,10,19,3,0,42,transfer,58.9465,129.859
40,10,19,3,0,47,transfer,62.9330,129.859
40,10,19,3,0,53,transfer,66.9243,129.859
40,10,19,3,0,58,transfer,70.9108,129.859
40,10,19,3,0,63,transfer,74.9021,129.859
40,10,19,3,0,68,transfer,78.8896,129.859
40,10,19,3,0,74,transfer,82.8799,129.859
40,10,19,3,0,79,transfer,86.8676,129.859
40,10,19,3,0,84,transfer,90.8576,129.859
40,10,19,3,0,89,transfer,94.8459,129.859
40,10,19,3,0,95,transfer,98.8354,129.859
40,10,19,3,0,100,transfer,102.8240,129.859
40,10,20,3,0,5,transfer,31.9526,134.572
40,10,20,3,0,10,transfer,35.7683,134.572
40,10,20,3,0,15,transfer,39.5836,134.572
40,10,20,3,0,20,transfer,43.3988,134.572
40,10,20,3,0,25,transfer,47.2442,134.572
40,10,20,3,0,30,transfer,51.0591,134.572
40,10,20,3,0,35,transfer,54.8742,134.572
40,10,20,3,0,40,transfer,58.6918,134.572
40,10,20,3,0,45,transfer,62.5040,134.572
40,10,20,3,0,50,transfer,66.3192,134.572
40,10,20,3,0,55,transfer,70.1647,134.572
40,10,20,3,0,60,transfer,73.9803,134.572
40,10,20,3,0,65,transfer,77.8257,134.572
40,10,20,3,0,70,transfer,81.6714,134.572
40,10,20,3,0,75,transfer,85.4862,134.572
40,10,20,3,0,80,transfer,89.3036,134.572
40,10,20,3,0,85,transfer,93.1468,134.572
40,10,20,3,0,90,transfer,96.9924,134.572
40,10,20,3,0,95,transfer,100.8070,134.572
40,10,20,3,0,100,transfer,104.6220,134.572
40,10,21,3,0,5,transfer,33.3140,139.408
40,10,21,3,0,10,transfer,37.2778,139.408
40,10,21,3,0,14,transfer,41.2193,139.408
40,10,21,3,0,19,transfer,45.1523,139.408
40,10,21,3,0,24,transfer,49.0932,139.408
40,10,21,3,0,29,transfer,53.0279,139.408
40,10,21,3,0,33,transfer,56.9982,139.408
40,10,21,3,0,38,transfer,60.9315,139.408
40,10,21,3,0,43,transfer,64.8727,139.408
40,10,21,3,0,48,transfer,68.8065,139.408
40,10,21,3,0,52,transfer,72.8072,139.408
40,10,21,3,0,57,transfer,76.7433,139.408
40,10,21,3,0,62,transfer,80.6819,139.408
40,10,21,3,0,67,transfer,84.6242,139.408
40,10,21,3,0,71,transfer,88.5865,139.408
40,10,21,3,0,76,transfer,92.5217,139.408
40,10,21,3,0,81,transfer,96.4600,139.408
40,10,21,3,0,86,transfer,100.3980,139.408
40,10,21,3,0,90,transfer,104.3340,139.408
40,10,21,3,0,95,transfer,108.3010,139.408
40,10,21,3,0,100,transfer,112.2380,139.408
40,10,22,3,0,5,transfer,34.4590,143.416
40,10,22,3,0,9,transfer,38.2948,143.416
40,10,22,3,0,14,transfer,42.1194,143.416
40,10,22,3,0,18,transfer,45.8964,143.416
40,10,22,3,0,23,transfer,49.7186,143.416
40,10,22,3,0,27,transfer,53.5894,143.416
40,10,22,3,0,32,transfer,57.4103,143.416
40,10,22,3,0,36,transfer,61.2209,143.416
40,10,22,3,0,41,transfer,65.0398,143.416
40,10,22,3,0,45,transfer,68.8234,143.416
40,10,22,3,0,50,transfer,72.6392,143.416
40,10,22,3,0,55,transfer,76.4541,143.416
40,10,22,3,0,59,transfer,80.2998,143.416
40,10,22,3,0,64,transfer,84.1455,143.416
40,10,22,3,0,68,transfer,87.9307,143.416
40,10,22,3,0,73,transfer,91.7455,143.416
40,10,22,3,0,77,transfer,95.5915,143.416
40,10,22,3,0,82,transfer,99.4069,143.416
40,10,22,3,0,86,transfer,103.2530,143.416
40,10,22,3,0,91,transfer,107.0990,143.416
40,10,22,3,0,95,transfer,110.8840,143.416
40,10,22,3,0,100,transfer,114.6680,143.416
40,10,23,3,0,4,transfer,35.8714,148.305
40,10,23,3,0,9,transfer,39.6116,148.305
40,10,23,3,0,13,transfer,43.3482,148.305
40,10,23,3,0,17,transfer,47.0931,148.305
40,10,23,3,0,22,transfer,50.8560,148.305
40,10,23,3,0,26,transfer,54.5758,148.305
40,10,23,3,0,30,transfer,58.3334,148.305
40,10,23,3,0,35,transfer,62.1183,148.305
40,10,23,3,0,39,transfer,65.8722,148.305
40,10,23,3,0,43,transfer,69.5989,148.305
40,10,23,3,0,48,transfer,73.3817,148.305
40,10,23,3,0,52,transfer,77.1086,148.305
40,10,23,3,0,57,transfer,80.8306,148.305
40,10,23,3,0,61,transfer,84.5866,148.305
40,10,23,3,0,65,transfer,88.3417,148.305
40,10,23,3,0,70,transfer,92.1257,148.305
40,10,23,3,0,74,transfer,95.8828,148.305
40,10,23,3,0,78,transfer,99.5753,148.305
40,10,23,3,0,83,transfer,103.3610,148.305
40,10,23,3,0,87,transfer,107.1160,148.305
40,10,23,3,0,91,transfer,110.8410,148.305
40,10,23,3,0,96,transfer,114.6260,148.305
40,10,23,3,0,100,transfer,118.3810,148.305
40,10,24,3,0,4,transfer,37.5000,153.195
40,10,24,3,0,8,transfer,41.2975,153.195
40,10,24,3,0,12,transfer,45.1605,153.195
40,10,24,3,0,17,transfer,48.9972,153.195
40,10,24,3,0,21,transfer,52.9124,153.195
40,10,24,3,0,25,transfer,56.7562,153.195
40,10,24,3,0,29,transfer,60.6633,153.195
40,10,24,3,0,33,transfer,64.4833,153.195
40,10,24,3,0,38,transfer,68.3276,153.195
40,10,24,3,0,42,transfer,72.1777,153.195
40,10,24,3,0,46,transfer,76.0542,153.195
40,10,24,3,0,50,transfer,79.9318,153.195
40,10,24,3,0,54,transfer,83.8100,153.195
40,10,24,3,0,58,transfer,87.6555,153.195
40,10,24,3,0,63,transfer,91.5062,153.195
40,10,24,3,0,67,transfer,95.3605,153.195
40,10,24,3,0,71,transfer,99.2317,153.195
40,10,24,3,0,75,transfer,103.0770,153.195
40,10,24,3,0,79,transfer,106.9550,153.195
40,10,24,3,0,83,transfer,110.7710,153.195
40,10,24,3,0,88,transfer,114.6190,153.195
40,10,24,3,0,92,transfer,118.4970,153.195
40,10,24,3,0,96,transfer,122.4060,153.195
40,10,24,3,0,100,transfer,126.2520,153.195
40,10,25,3,0,4,transfer,38.4396,157.908
40,10,25,3,0,8,transfer,42.2633,157.908
40,10,25,3,0,12,transfer,46.0651,157.908
40,10,25,3,0,16,transfer,49.8725,157.908
40,10,25,3,0,20,transfer,53.7828,157.908
40,10,25,3,0,24,transfer,57.6623,157.908
40,10,25,3,0,28,transfer,61.5051,157.908
40,10,25,3,0,32,transfer,65.2962,157.908
40,10,25,3,0,36,transfer,69.0801,157.908
40,10,25,3,0,40,transfer,72.9601,157.908
40,10,25,3,0,44,transfer,76.8355,157.908
40,10,25,3,0,48,transfer,80.6800,157.908
40,10,25,3,0,52,transfer,84.4688,157.908
40,10,25,3,0,56,transfer,88.2537,157.908
40,10,25,3,0,60,transfer,92.1305,157.908
40,10,25,3,0,64,transfer,96.0373,157.908
40,10,25,3,0,68,transfer,99.9177,157.908
40,10,25,3,0,72,transfer,103.7020,157.908
40,10,25,3,0,76,transfer,107.4880,157.908
40,10,25,3,0,80,transfer,111.3680,157.908
40,10,25,3,0,84,transfer,115.2430,157.908
40,10,25,3,0,88,transfer,119.1190,157.908
40,10,25,3,0,92,transfer,122.9360,157.908
40,10,25,3,0,96,transfer,126.7530,157.908
40,10,25,3,0,100,transfer,130.6300,157.908
40,10,26,3,0,4,transfer,39.0465,162.621
40,10,26,3,0,8,transfer,42.8666,162.621
40,10,26,3,0,12,transfer,46.7014,162.621
40,10,26,3,0,15,transfer,50.5406,162.621
40,10,26,3,0,19,transfer,54.3564,162.621
40,10,26,3,0,23,transfer,58.2086,162.621
40,10,26,3,0,27,transfer,61.9896,162.621
40,10,26,3,0,31,transfer,65.8414,162.621
40,10,26,3,0,35,transfer,69.6874,162.621
40,10,26,3,0,38,transfer,73.5315,162.621
40,10,26,3,0,42,transfer,77.3526,162.621
40,10,26,3,0,46,transfer,81.1664,162.621
40,10,26,3,0,50,transfer,85.0149,162.621
40,10,26,3,0,54,transfer,88.8014,162.621
40,10,26,3,0,58,transfer,92.6764,162.621
40,10,26,3,0,62,transfer,96.4950,162.621
40,10,26,3,0,65,transfer,100.3120,162.621
40,10,26,3,0,69,transfer,104.1570,162.621
40,10,26,3,0,73,transfer,107.9740,162.621
40,10,26,3,0,77,transfer,111.7900,162.621
40,10,26,3,0,81,transfer,115.6400,162.621
40,10,26,3,0,85,transfer,119.4550,162.621
40,10,26,3,0,88,transfer,123.2710,162.621
40,10,26,3,0,92,transfer,127.1180,162.621
40,10,26,3,0,96,transfer,130.9350,162.621
40,10,26,3,0,100,transfer,134.7820,162.621
40,10,27,3,0,4,transfer,40.8222,167.335
40,10,27,3,0,7,transfer,44.7005,167.335
40,10,27,3,0,11,transfer,48.5964,167.335
40,10,27,3,0,15,transfer,52.5587,167.335
40,10,27,3,0,19,transfer,56.4911,167.335
40,10,27,3,0,22,transfer,60.4085,167.335
40,10,27,3,0,26,transfer,64.2785,167.335
40,10,27,3,0,30,transfer,68.2478,167.335
40,10,27,3,0,33,transfer,72.1588,167.335
40,10,27,3,0,37,transfer,76.0623,167.335
40,10,27,3,0,41,transfer,79.9429,167.335
40,10,27,3,0,44,transfer,83.9116,167.335
40,10,27,3,0,48,transfer,87.8158,167.335
40,10,27,3,0,52,transfer,91.7263,167.335
40,10,27,3,0,56,transfer,95.6326,167.335
40,10,27,3,0,59,transfer,99.5699,167.335
40,10,27,3,0,63,transfer,103.5410,167.335
40,10,27,3,0,67,transfer,107.4240,167.335
40,10,27,3,0,70,transfer,111.3250,167.335
40,10,27,3,0,74,transfer,115.2920,167.335
40,10,27,3,0,78,transfer,119.2000,167.335
40,10,27,3,0,81,transfer,123.0780,167.335
40,10,27,3,0,85,transfer,127.0160,167.335
40,10,27,3,0,89,transfer,130.9840,167.335
40,10,27,3,0,93,transfer,134.8910,167.335
40,10,27,3,0,96,transfer,138.7990,167.335
40,10,27,3,0,100,transfer,142.7360,167.335
40,10,28,3,0,4,transfer,42.2246,172.048
40,10,28,3,0,7,transfer,46.0982,172.048
40,10,28,3,0,11,transfer,50.0232,172.048
40,10,28,3,0,14,transfer,53.9601,172.048
40,10,28,3,0,18,transfer,57.8599,172.048
40,10,28,3,0,21,transfer,61.7754,172.048
40,10,28,3,0,25,transfer,65.6787,172.048
40,10,28,3,0,29,transfer,69.6771,172.048
40,10,28,3,0,32,transfer,73.5891,172.048
40,10,28,3,0,36,transfer,77.4927,172.048
40,10,28,3,0,39,transfer,81.4325,172.048
40,10,28,3,0,43,transfer,85.3423,172.048
40,10,28,3,0,46,transfer,89.2474,172.048
40,10,28,3,0,50,transfer,93.1549,172.048
40,10,28,3,0,54,transfer,97.1553,172.048
40,10,28,3,0,57,transfer,101.0620,172.048
40,10,28,3,0,61,transfer,104.9700,172.048
40,10,28,3,0,64,transfer,108.9060,172.048
40,10,28,3,0,68,transfer,112.8180,172.048
40,10,28,3,0,71,transfer,116.7260,172.048
40,10,28,3,0,75,transfer,120.6300,172.048
40,10,28,3,0,79,transfer,124.5980,172.048
40,10,28,3,0,82,transfer,128.5380,172.048
40,10,28,3,0,86,transfer,132.4470,172.048
40,10,28,3,0,89,transfer,136.3830,172.048
40,10,28,3,0,93,transfer,140.3220,172.048
40,10,28,3,0,96,transfer,144.2300,172.048
40,10,28,3,0,100,transfer,148.1670,172.048
40,10,29,3,0,3,transfer,42.8386,176.761
40,10,29,3,0,7,transfer,46.7097,176.761
40,10,29,3,0,10,transfer,50.6010,176.761
40,10,29,3,0,14,transfer,54.5111,176.761
40,10,29,3,0,17,transfer,58.4087,176.761
40,10,29,3,0,21,transfer,62.2925,176.761
40,10,29,3,0,24,transfer,66.1680,176.761
40,10,29,3,0,28,transfer,70.0401,176.761
40,10,29,3,0,31,transfer,73.9529,176.761
40,10,29,3,0,34,transfer,77.8591,176.761
40,10,29,3,0,38,transfer,81.7338,176.761
40,10,29,3,0,41,transfer,85.6157,176.761
40,10,29,3,0,45,transfer,89.5213,176.761
40,10,29,3,0,48,transfer,93.3658,176.761
40,10,29,3,0,52,transfer,97.2770,176.761
40,10,29,3,0,55,transfer,101.1820,176.761
40,10,29,3,0,59,transfer,105.0580,176.761
40,10,29,3,0,62,transfer,108.9380,176.761
40,10,29,3,0,66,transfer,112.8450,176.761
40,10,29,3,0,69,transfer,116.7490,176.761
40,10,29,3,0,72,transfer,120.6300,176.761
40,10,29,3,0,76,transfer,124.4750,176.761
40,10,29,3,0,79,transfer,128.3830,176.761
40,10,29,3,0,83,transfer,132.2910,176.761
40,10,29,3,0,86,transfer,136.1690,176.761
40,10,29,3,0,90,transfer,140.0740,176.761
40,10,29,3,0,93,transfer,143.9510,176.761
40,10,29,3,0,97,transfer,147.7990,176.761
40,10,29,3,0,100,transfer,151.7360,176.761
40,10,30,3,0,3,transfer,43.9298,181.474
40,10,30,3,0,7,transfer,47.7368,181.474
40,10,30,3,0,10,transfer,51.5361,181.474
40,10,30,3,0,13,transfer,55.2981,181.474
40,10,30,3,0,17,transfer,59.1332,181.474
40,10,30,3,0,20,transfer,62.9243,181.474
40,10,30,3,0,23,transfer,66.7143,181.474
40,10,30,3,0,27,transfer,70.5235,181.474
40,10,30,3,0,30,transfer,74.3118,181.474
40,10,30,3,0,33,transfer,78.0699,181.474
40,10,30,3,0,37,transfer,81.8823,181.474
40,10,30,3,0,40,transfer,85.7038,181.474
40,10,30,3,0,43,transfer,89.4884,181.474
40,10,30,3,0,47,transfer,93.3322,181.474
40,10,30,3,0,50,transfer,97.1499,181.474
40,10,30,3,0,53,transfer,100.9070,181.474
40,10,30,3,0,57,transfer,104.7220,181.474
40,10,30,3,0,60,transfer,108.5080,181.474
40,10,30,3,0,63,transfer,112.2950,181.474
40,10,30,3,0,67,transfer,116.1180,181.474
40,10,30,3,0,70,transfer,119.9260,181.474
40,10,30,3,0,73,transfer,123.6830,181.474
40,10,30,3,0,77,transfer,127.4990,181.474
40,10,30,3,0,80,transfer,131.3180,181.474
40,10,30,3,0,83,transfer,135.0700,181.474
40,10,30,3,0,87,transfer,138.8870,181.474
40,10,30,3,0,90,transfer,142.6720,181.474
40,10,30,3,0,93,transfer,146.4280,181.474
40,10,30,3,0,97,transfer,150.2450,181.474
40,10,30,3,0,100,transfer,154.0610,181.474
40,10,31,3,0,3,transfer,44.9395,186.187
40,10,31,3,0,6,transfer,48.8373,186.187
40,10,31,3,0,10,transfer,52.7858,186.187
40,10,31,3,0,13,transfer,56.7961,186.187
40,10,31,3,0,16,transfer,60.6919,186.187
40,10,31,3,0,19,transfer,64.6320,186.187
40,10,31,3,0,23,transfer,68.6398,186.187
40,10,31,3,0,26,transfer,72.5410,186.187
40,10,31,3,0,29,transfer,76.5093,186.187
40,10,31,3,0,32,transfer,80.4837,186.187
40,10,31,3,0,35,transfer,84.3883,186.187
40,10,31,3,0,39,transfer,88.4166,186.187
40,10,31,3,0,42,transfer,92.3305,186.187
40,10,31,3,0,45,transfer,96.2668,186.187
40,10,31,3,0,48,transfer,100.2660,186.187
40,10,31,3,0,52,transfer,104.1770,186.187
40,10,31,3,0,55,transfer,108.1130,186.187
40,10,31,3,0,58,transfer,112.1120,186.187
40,10,31,3,0,61,transfer,116.0230,186.187
40,10,31,3,0,65,transfer,119.9590,186.187
40,10,31,3,0,68,transfer,123.9630,186.187
40,10,31,3,0,71,transfer,127.8700,186.187
40,10,31,3,0,74,transfer,131.8080,186.187
40,10,31,3,0,77,transfer,135.8380,186.187
40,10,31,3,0,81,transfer,139.7790,186.187
40,10,31,3,0,84,transfer,143.8070,186.187
40,10,31,3,0,87,transfer,147.7470,186.187
40,10,31,3,0,90,transfer,151.6540,186.187
40,10,31,3,0,94,transfer,155.6840,186.187
40,10,31,3,0,97,transfer,159.5940,186.187
40,10,31,3,0,100,transfer,163.5310,186.187
40,10,32,3,0,3,transfer,46.0332,190.900
40,10,32,3,0,6,transfer,50.5766,190.900
40,10,32,3,0,9,transfer,54.5647,190.900
40,10,32,3,0,12,transfer,59.1502,190.900
40,10,32,3,0,16,transfer,63.7510,190.900
40,10,32,3,0,19,transfer,67.7127,190.900
40,10,32,3,0,22,transfer,72.2972,190.900
40,10,32,3,0,25,transfer,76.2798,190.900
40,10,32,3,0,28,transfer,80.8641,190.900
40,10,32,3,0,31,transfer,85.4533,190.900
40,10,32,3,0,34,transfer,89.4415,190.900
40,10,32,3,0,38,transfer,94.0118,190.900
40,10,32,3,0,41,transfer,98.6155,190.900
40,10,32,3,0,44,transfer,102.5640,190.900
40,10,32,3,0,47,transfer,107.1360,190.900
40,10,32,3,0,50,transfer,111.1260,190.900
40,10,32,3,0,53,transfer,115.7000,190.900
40,10,32,3,0,56,transfer,120.2970,190.900
40,10,32,3,0,59,transfer,124.2740,190.900
40,10,32,3,0,62,transfer,128.8500,190.900
40,10,32,3,0,66,transfer,133.4510,190.900
40,10,32,3,0,69,transfer,137.3930,190.900
40,10,32,3,0,72,transfer,141.9700,190.900
40,10,32,3,0,75,transfer,145.9720,190.900
40,10,32,3,0,78,transfer,150.5430,190.900
40,10,32,3,0,81,transfer,155.1300,190.900
40,10,32,3,0,84,transfer,159.1070,190.900
40,10,32,3,0,88,transfer,163.6790,190.900
40,10,32,3,0,91,transfer,168.2800,190.900
40,10,32,3,0,94,transfer,172.2270,190.900
40,10,32,3,0,97,transfer,176.8150,190.900
40,10,32,3,0,100,transfer,180.8030,190.900
40,10,8,4,0,12,transfer,23.1641,119.622
40,10,8,4,0,25,transfer,27.2222,119.622
40,10,8,4,0,38,transfer,31.1432,119.622
40,10,8,4,0,50,transfer,35.2058,119.622
40,10,8,4,0,62,transfer,39.1309,119.622
40,10,8,4,0,75,transfer,43.0521,119.622
40,10,8,4,0,88,transfer,46.9771,119.622
40,10,8,4,0,100,transfer,51.0375,119.622
40,10,9,4,0,11,transfer,25.4095,126.929
40,10,9,4,0,22,transfer,29.0554,126.929
40,10,9,4,0,33,transfer,32.7018,126.929
40,10,9,4,0,44,transfer,36.3479,126.929
40,10,9,4,0,56,transfer,39.9940,126.929
40,10,9,4,0,67,transfer,43.6417,126.929
40,10,9,4,0,78,transfer,47.2866,126.929
40,10,9,4,0,89,transfer,50.9334,126.929
40,10,9,4,0,100,transfer,54.5796,126.929
40,10,10,4,0,10,transfer,27.1961,134.236
40,10,10,4,0,20,transfer,30.8429,134.236
40,10,10,4,0,30,transfer,34.4892,134.236
40,10,10,4,0,40,transfer,38.1359,134.236
40,10,10,4,0,50,transfer,41.7823,134.236
40,10,10,4,0,60,transfer,45.4289,134.236
40,10,10,4,0,70,transfer,49.0752,134.236
40,10,10,4,0,80,transfer,52.7217,134.236
40,10,10,4,0,90,transfer,56.3683,134.236
40,10,10,4,0,100,transfer,60.0146,134.236
40,10,11,4,0,9,transfer,29.7001,141.542
40,10,11,4,0,18,transfer,33.8993,141.542
40,10,11,4,0,27,transfer,37.9598,141.542
40,10,11,4,0,36,transfer,42.1591,141.542
40,10,11,4,0,45,transfer,46.3573,141.542
40,10,11,4,0,55,transfer,50.2809,141.542
40,10,11,4,0,64,transfer,54.4785,141.542
40,10,11,4,0,73,transfer,58.6773,141.542
40,10,11,4,0,82,transfer,62.7365,141.542
40,10,11,4,0,91,transfer,66.9359,141.542
40,10,11,4,0,100,transfer,70.9960,141.542
40,10,12,4,0,8,transfer,31.3822,148.849
40,10,12,4,0,17,transfer,35.5821,148.849
40,10,12,4,0,25,transfer,39.9207,148.849
40,10,12,4,0,33,transfer,44.2584,148.849
40,10,12,4,0,42,transfer,48.4539,148.849
40,10,12,4,0,50,transfer,52.7899,148.849
40,10,12,4,0,58,transfer,57.1220,148.849
40,10,12,4,0,67,transfer,61.4643,148.849
40,10,12,4,0,75,transfer,65.7967,148.849
40,10,12,4,0,83,transfer,70.1288,148.849
40,10,12,4,0,92,transfer,74.4663,148.849
40,10,12,4,0,100,transfer,78.6641,148.849
40,10,13,4,0,8,transfer,33.6919,156.156
40,10,13,4,0,15,transfer,37.8992,156.156
40,10,13,4,0,23,transfer,42.2370,156.156
40,10,13,4,0,31,transfer,46.4345,156.156
40,10,13,4,0,38,transfer,50.6292,156.156
40,10,13,4,0,46,transfer,54.6922,156.156
40,10,13,4,0,54,transfer,59.0288,156.156
40,10,13,4,0,62,transfer,63.2260,156.156
40,10,13,4,0,69,transfer,67.5673,156.156
40,10,13,4,0,77,transfer,71.9017,156.156
40,10,13,4,0,85,transfer,76.0977,156.156
40,10,13,4,0,92,transfer,80.5752,156.156
40,10,13,4,0,100,transfer,84.6352,156.156
40,10,14,4,0,7,transfer,35.2214,163.110
40,10,14,4,0,14,transfer,38.8717,163.110
40,10,14,4,0,21,transfer,42.5180,163.110
40,10,14,4,0,29,transfer,46.1627,163.110
40,10,14,4,0,36,transfer,49.8096,163.110
40,10,14,4,0,43,transfer,53.4568,163.110
40,10,14,4,0,50,transfer,57.1029,163.110
40,10,14,4,0,57,transfer,60.7488,163.110
40,10,14,4,0,64,transfer,64.3955,163.110
40,10,14,4,0,71,transfer,68.0425,163.110
40,10,14,4,0,79,transfer,71.6879,163.110
40,10,14,4,0,86,transfer,75.3346,163.110
40,10,14,4,0,93,transfer,78.9810,163.110
40,10,14,4,0,100,transfer,82.6276,163.110
40,10,15,4,0,7,transfer,37.6513,170.417
40,10,15,4,0,13,transfer,41.7233,170.417
40,10,15,4,0,20,transfer,45.9203,170.417
40,10,15,4,0,27,transfer,50.1157,170.417
40,10,15,4,0,33,transfer,54.3191,170.417
40,10,15,4,0,40,transfer,58.3836,170.417
40,10,15,4,0,47,transfer,62.5773,170.417
40,10,15,4,0,53,transfer,66.7739,170.417
40,10,15,4,0,60,transfer,70.9739,170.417
40,10,15,4,0,67,transfer,75.1818,170.417
40,10,15,4,0,73,transfer,79.3712,170.417
40,10,15,4,0,80,transfer,83.5745,170.417
40,10,15,4,0,87,transfer,87.7680,170.417
40,10,15,4,0,93,transfer,91.9663,170.417
40,10,15,4,0,100,transfer,96.0275,170.417
40,10,16,4,0,6,transfer,39.1480,177.371
40,10,16,4,0,12,transfer,42.7991,177.371
40,10,16,4,0,19,transfer,46.4428,177.371
40,10,16,4,0,25,transfer,50.0909,177.371
40,10,16,4,0,31,transfer,53.7378,177.371
40,10,16,4,0,38,transfer,57.3831,177.371
40,10,16,4,0,44,transfer,61.0302,177.371
40,10,16,4,0,50,transfer,64.6772,177.371
40,10,16,4,0,56,transfer,68.3235,177.371
40,10,16,4,0,62,transfer,71.9707,177.371
40,10,16,4,0,69,transfer,75.6161,177.371
40,10,16,4,0,75,transfer,79.2636,177.371
40,10,16,4,0,81,transfer,82.9100,177.371
40,10,16,4,0,88,transfer,86.5562,177.371
40,10,16,4,0,94,transfer,90.2029,177.371
40,10,16,4,0,100,transfer,93.8497,177.371
40,10,17,4,0,6,transfer,42.1171,184.677
40,10,17,4,0,12,transfer,47.2507,184.677
40,10,17,4,0,18,transfer,52.0682,184.677
40,10,17,4,0,24,transfer,57.1967,184.677
40,10,17,4,0,29,transfer,62.0206,184.677
40,10,17,4,0,35,transfer,66.8483,184.677
40,10,17,4,0,41,transfer,71.9733,184.677
40,10,17,4,0,47,transfer,76.9444,184.677
40,10,17,4,0,53,transfer,81.9210,184.677
40,10,17,4,0,59,transfer,87.0412,184.677
40,10,17,4,0,65,transfer,91.7220,184.677
40,10,17,4,0,71,transfer,96.4012,184.677
40,10,17,4,0,76,transfer,101.5220,184.677
40,10,17,4,0,82,transfer,106.3500,184.677
40,10,17,4,0,88,transfer,111.6180,184.677
40,10,17,4,0,94,transfer,116.7410,184.677
40,10,17,4,0,100,transfer,121.5670,184.677
40,10,18,4,0,6,transfer,44.3123,191.984
40,10,18,4,0,11,transfer,49.5754,191.984
40,10,18,4,0,17,transfer,54.6421,191.984
40,10,18,4,0,22,transfer,59.4561,191.984
40,10,18,4,0,28,transfer,64.5295,191.984
40,10,18,4,0,33,transfer,69.6307,191.984
40,10,18,4,0,39,transfer,74.7185,191.984
40,10,18,4,0,44,transfer,79.6707,191.984
40,10,18,4,0,50,transfer,84.4783,191.984
40,10,18,4,0,56,transfer,89.2772,191.984
40,10,18,4,0,61,transfer,94.3748,191.984
40,10,18,4,0,67,transfer,99.4630,191.984
40,10,18,4,0,72,transfer,104.2630,191.984
40,10,18,4,0,78,transfer,109.4940,191.984
40,10,18,4,0,83,transfer,114.7290,191.984
40,10,18,4,0,89,transfer,119.8220,191.984
40,10,18,4,0,94,transfer,124.7690,191.984
40,10,18,4,0,100,transfer,129.7140,191.984
40,10,19,4,0,5,transfer,45.8692,199.291
40,10,19,4,0,11,transfer,50.8115,199.291
40,10,19,4,0,16,transfer,55.7664,199.291
40,10,19,4,0,21,transfer,60.7222,199.291
40,10,19,4,0,26,transfer,65.6756,199.291
40,10,19,4,0,32,transfer,70.6329,199.291
40,10,19,4,0,37,transfer,75.5866,199.291
40,10,19,4,0,42,transfer,80.5436,199.291
40,10,19,4,0,47,transfer,85.4946,199.291
40,10,19,4,0,53,transfer,90.4543,199.291
40,10,19,4,0,58,transfer,95.4066,199.291
40,10,19,4,0,63,transfer,100.3650,199.291
40,10,19,4,0,68,transfer,105.3200,199.291
40,10,19,4,0,74,transfer,110.2760,199.291
40,10,19,4,0,79,transfer,115.2270,199.291
40,10,19,4,0,84,transfer,120.1860,199.291
40,10,19,4,0,89,transfer,125.1420,199.291
40,10,19,4,0,95,transfer,130.0970,199.291
40,10,19,4,0,100,transfer,135.0530,199.291
40,10,20,4,0,5,transfer,47.4573,206.598
40,10,20,4,0,10,transfer,52.4312,206.598
40,10,20,4,0,15,transfer,57.2451,206.598
40,10,20,4,0,20,transfer,62.0652,206.598
40,10,20,4,0,25,transfer,66.8800,206.598
40,10,20,4,0,30,transfer,71.7086,206.598
40,10,20,4,0,35,transfer,76.6701,206.598
40,10,20,4,0,40,transfer,81.6390,206.598
40,10,20,4,0,45,transfer,86.4525,206.598
40,10,20,4,0,50,transfer,91.2698,206.598
40,10,20,4,0,55,transfer,96.0859,206.598
40,10,20,4,0,60,transfer,100.9040,206.598
40,10,20,4,0,65,transfer,105.8630,206.598
40,10,20,4,0,70,transfer,110.8320,206.598
40,10,20,4,0,75,transfer,115.7960,206.598
40,10,20,4,0,80,transfer,120.7620,206.598
40,10,20,4,0,85,transfer,125.7250,206.598
40,10,20,4,0,90,transfer,130.6880,206.598
40,10,20,4,0,95,transfer,135.6520,206.598
40,10,20,4,0,100,transfer,140.4680,206.598
40,10,21,4,0,5,transfer,49.3168,213.905
40,10,21,4,0,10,transfer,54.1014,213.905
40,10,21,4,0,14,transfer,58.9160,213.905
40,10,21,4,0,19,transfer,63.7069,213.905
40,10,21,4,0,24,transfer,68.6572,213.905
40,10,21,4,0,29,transfer,73.4613,213.905
40,10,21,4,0,33,transfer,78.4084,213.905
40,10,21,4,0,38,transfer,83.3480,213.905
40,10,21,4,0,43,transfer,88.1497,213.905
40,10,21,4,0,48,transfer,92.7955,213.905
40,10,21,4,0,52,transfer,97.4479,213.905
40,10,21,4,0,57,transfer,102.0970,213.905
40,10,21,4,0,62,transfer,106.8940,213.905
40,10,21,4,0,67,transfer,111.8520,213.905
40,10,21,4,0,71,transfer,116.7840,213.905
40,10,21,4,0,76,transfer,121.5880,213.905
40,10,21,4,0,81,transfer,126.5370,213.905
40,10,21,4,0,86,transfer,131.3330,213.905
40,10,21,4,0,90,transfer,136.1390,213.905
40,10,21,4,0,95,transfer,140.9360,213.905
40,10,21,4,0,100,transfer,145.7430,213.905
40,10,22,4,0,5,transfer,51.0299,221.388
40,10,22,4,0,9,transfer,55.8446,221.388
40,10,22,4,0,14,transfer,60.6799,221.388
40,10,22,4,0,18,transfer,65.4990,221.388
40,10,22,4,0,23,transfer,70.4799,221.388
40,10,22,4,0,27,transfer,75.1530,221.388
40,10,22,4,0,32,transfer,79.8375,221.388
40,10,22,4,0,36,transfer,84.8066,221.388
40,10,22,4,0,41,transfer,89.6372,221.388
40,10,22,4,0,45,transfer,94.1673,221.388
40,10,22,4,0,50,transfer,98.9947,221.388
40,10,22,4,0,55,transfer,103.5250,221.388
40,10,22,4,0,59,transfer,108.3510,221.388
40,10,22,4,0,64,transfer,113.3260,221.388
40,10,22,4,0,68,transfer,118.3030,221.388
40,10,22,4,0,73,transfer,123.2740,221.388
40,10,22,4,0,77,transfer,127.9520,221.388
40,10,22,4,0,82,transfer,132.6310,221.388
40,10,22,4,0,86,transfer,137.6070,221.388
40,10,22,4,0,91,transfer,142.4320,221.388
40,10,22,4,0,95,transfer,146.9640,221.388
40,10,22,4,0,100,transfer,151.7900,221.388
40,10,23,4,0,4,transfer,53.0807,229.224
40,10,23,4,0,9,transfer,58.0228,229.224
40,10,23,4,0,13,transfer,63.0076,229.224
40,10,23,4,0,17,transfer,67.8220,229.224
40,10,23,4,0,22,transfer,72.5050,229.224
40,10,23,4,0,26,transfer,77.6121,229.224
40,10,23,4,0,30,transfer,82.4349,229.224
40,10,23,4,0,35,transfer,87.3995,229.224
40,10,23,4,0,39,transfer,91.9236,229.224
40,10,23,4,0,43,transfer,96.8903,229.224
40,10,23,4,0,48,transfer,101.8560,229.224
40,10,23,4,0,52,transfer,106.5500,229.224
40,10,23,4,0,57,transfer,111.3660,229.224
40,10,23,4,0,61,transfer,116.4820,229.224
40,10,23,4,0,65,transfer,121.2990,229.224
40,10,23,4,0,70,transfer,126.1200,229.224
40,10,23,4,0,74,transfer,130.9390,229.224
40,10,23,4,0,78,transfer,136.0510,229.224
40,10,23,4,0,83,transfer,141.1700,229.224
40,10,23,4,0,87,transfer,145.7010,229.224
40,10,23,4,0,91,transfer,150.5210,229.224
40,10,23,4,0,96,transfer,155.3400,229.224
40,10,23,4,0,100,transfer,160.1590,229.224
40,10,24,4,0,4,transfer,55.3394,236.531
40,10,24,4,0,8,transfer,60.4405,236.531
40,10,24,4,0,12,transfer,65.5792,236.531
40,10,24,4,0,17,transfer,70.1027,236.531
40,10,24,4,0,21,transfer,75.3808,236.531
40,10,24,4,0,25,transfer,80.3553,236.531
40,10,24,4,0,29,transfer,85.0357,236.531
40,10,24,4,0,33,transfer,90.1629,236.531
40,10,24,4,0,38,transfer,95.2841,236.531
40,10,24,4,0,42,transfer,99.8187,236.531
40,10,24,4,0,46,transfer,104.9440,236.531
40,10,24,4,0,50,transfer,109.7730,236.531
40,10,24,4,0,54,transfer,114.4540,236.531
40,10,24,4,0,58,transfer,119.5760,236.531
40,10,24,4,0,63,transfer,124.8510,236.531
40,10,24,4,0,67,transfer,129.5390,236.531
40,10,24,4,0,71,transfer,134.8060,236.531
40,10,24,4,0,75,transfer,139.7820,236.531
40,10,24,4,0,79,transfer,144.4630,236.531
40,10,24,4,0,83,transfer,149.4370,236.531
40,10,24,4,0,88,transfer,154.5630,236.531
40,10,24,4,0,92,transfer,159.0970,236.531
40,10,24,4,0,96,transfer,164.2220,236.531
40,10,24,4,0,100,transfer,169.0500,236.531
40,10,25,4,0,4,transfer,56.7969,243.837
40,10,25,4,0,8,transfer,62.0421,243.837
40,10,25,4,0,12,transfer,67.0332,243.837
40,10,25,4,0,16,transfer,72.0024,243.837
40,10,25,4,0,20,transfer,77.1276,243.837
40,10,25,4,0,24,transfer,81.8121,243.837
40,10,25,4,0,28,transfer,87.0797,243.837
40,10,25,4,0,32,transfer,92.2101,243.837
40,10,25,4,0,36,transfer,97.1850,243.837
40,10,25,4,0,40,transfer,102.1670,243.837
40,10,25,4,0,44,transfer,106.6960,243.837
40,10,25,4,0,48,transfer,111.8190,243.837
40,10,25,4,0,52,transfer,116.9470,243.837
40,10,25,4,0,56,transfer,122.0710,243.837
40,10,25,4,0,60,transfer,127.1950,243.837
40,10,25,4,0,64,transfer,131.8750,243.837
40,10,25,4,0,68,transfer,137.1560,243.837
40,10,25,4,0,72,transfer,142.2760,243.837
40,10,25,4,0,76,transfer,147.4000,243.837
40,10,25,4,0,80,transfer,152.3820,243.837
40,10,25,4,0,84,transfer,156.9110,243.837
40,10,25,4,0,88,transfer,162.0350,243.837
40,10,25,4,0,92,transfer,167.0130,243.837
40,10,25,4,0,96,transfer,171.9910,243.837
40,10,25,4,0,100,transfer,176.9670,243.837
40,10,26,4,0,4,transfer,57.9868,251.144
40,10,26,4,0,8,transfer,63.4903,251.144
40,10,26,4,0,12,transfer,68.4909,251.144
40,10,26,4,0,15,transfer,73.8730,251.144
40,10,26,4,0,19,transfer,79.1133,251.144
40,10,26,4,0,23,transfer,84.5160,251.144
40,10,26,4,0,27,transfer,89.7687,251.144
40,10,26,4,0,31,transfer,95.3124,251.144
40,10,26,4,0,35,transfer,100.4160,251.144
40,10,26,4,0,38,transfer,105.3570,251.144
40,10,26,4,0,42,transfer,110.7780,251.144
40,10,26,4,0,46,transfer,115.8670,251.144
40,10,26,4,0,50,transfer,121.2780,251.144
40,10,26,4,0,54,transfer,126.2270,251.144
40,10,26,4,0,58,transfer,131.7740,251.144
40,10,26,4,0,62,transfer,136.7410,251.144
40,10,26,4,0,65,transfer,142.2890,251.144
40,10,26,4,0,69,transfer,147.5300,251.144
40,10,26,4,0,73,transfer,152.9240,251.144
40,10,26,4,0,77,transfer,158.0350,251.144
40,10,26,4,0,81,transfer,163.4300,251.144
40,10,26,4,0,85,transfer,168.5320,251.144
40,10,26,4,0,88,transfer,173.4770,251.144
40,10,26,4,0,92,transfer,178.8890,251.144
40,10,26,4,0,96,transfer,183.9850,251.144
40,10,26,4,0,100,transfer,189.3840,251.144
40,10,27,4,0,4,transfer,60.1887,258.451
40,10,27,4,0,7,transfer,65.7169,258.451
40,10,27,4,0,11,transfer,70.7106,258.451
40,10,27,4,0,15,transfer,75.8302,258.451
40,10,27,4,0,19,transfer,80.5028,258.451
40,10,27,4,0,22,transfer,86.2274,258.451
40,10,27,4,0,26,transfer,91.3457,258.451
40,10,27,4,0,30,transfer,96.4691,258.451
40,10,27,4,0,33,transfer,101.1550,258.451
40,10,27,4,0,37,transfer,106.5700,258.451
40,10,27,4,0,41,transfer,111.6950,258.451
40,10,27,4,0,44,transfer,116.5260,258.451
40,10,27,4,0,48,transfer,121.4990,258.451
40,10,27,4,0,52,transfer,126.9210,258.451
40,10,27,4,0,56,transfer,132.1920,258.451
40,10,27,4,0,59,transfer,137.1680,258.451
40,10,27,4,0,63,transfer,142.2940,258.451
40,10,27,4,0,67,transfer,147.5760,258.451
40,10,27,4,0,70,transfer,152.8370,258.451
40,10,27,4,0,74,transfer,157.6640,258.451
40,10,27,4,0,78,transfer,162.7890,258.451
40,10,27,4,0,81,transfer,167.7650,258.451
40,10,27,4,0,85,transfer,173.0360,258.451
40,10,27,4,0,89,transfer,177.7170,258.451
40,10,27,4,0,93,transfer,182.9880,258.451
40,10,27,4,0,96,transfer,187.9660,258.451
40,10,27,4,0,100,transfer,193.2370,258.451
40,10,28,4,0,4,transfer,62.5311,265.758
40,10,28,4,0,7,transfer,68.1751,265.758
40,10,28,4,0,11,transfer,73.6083,265.758
40,10,28,4,0,14,transfer,78.7087,265.758
40,10,28,4,0,18,transfer,84.0836,265.758
40,10,28,4,0,21,transfer,89.3598,265.758
40,10,28,4,0,25,transfer,95.1963,265.758
40,10,28,4,0,29,transfer,100.1380,265.758
40,10,28,4,0,32,transfer,105.7040,265.758
40,10,28,4,0,36,transfer,111.0880,265.758
40,10,28,4,0,39,transfer,116.1990,265.758
40,10,28,4,0,43,transfer,121.4380,265.758
40,10,28,4,0,46,transfer,126.5570,265.758
40,10,28,4,0,50,transfer,132.4010,265.758
40,10,28,4,0,54,transfer,137.3490,265.758
40,10,28,4,0,57,transfer,142.9130,265.758
40,10,28,4,0,61,transfer,148.4530,265.758
40,10,28,4,0,64,transfer,153.7010,265.758
40,10,28,4,0,68,transfer,159.0930,265.758
40,10,28,4,0,71,transfer,164.2090,265.758
40,10,28,4,0,75,transfer,169.9010,265.758
40,10,28,4,0,79,transfer,174.6950,265.758
40,10,28,4,0,82,transfer,180.2540,265.758
40,10,28,4,0,86,transfer,185.6450,265.758
40,10,28,4,0,89,transfer,190.7500,265.758
40,10,28,4,0,93,transfer,195.9900,265.758
40,10,28,4,0,96,transfer,201.1040,265.758
40,10,28,4,0,100,transfer,206.7970,265.758
40,10,29,4,0,3,transfer,63.4927,273.064
40,10,29,4,0,7,transfer,69.0054,273.064
40,10,29,4,0,10,transfer,74.1390,273.064
40,10,29,4,0,14,transfer,79.1088,273.064
40,10,29,4,0,17,transfer,84.6507,273.064
40,10,29,4,0,21,transfer,89.9321,273.064
40,10,29,4,0,24,transfer,95.0448,273.064
40,10,29,4,0,28,transfer,100.2960,273.064
40,10,29,4,0,31,transfer,105.4270,273.064
40,10,29,4,0,34,transfer,110.6890,273.064
40,10,29,4,0,38,transfer,115.5020,273.064
40,10,29,4,0,41,transfer,120.6300,273.064
40,10,29,4,0,45,transfer,126.1960,273.064
40,10,29,4,0,48,transfer,130.8660,273.064
40,10,29,4,0,52,transfer,136.4350,273.064
40,10,29,4,0,55,transfer,141.8410,273.064
40,10,29,4,0,59,transfer,146.8040,273.064
40,10,29,4,0,62,transfer,152.3760,273.064
40,10,29,4,0,66,transfer,157.6320,273.064
40,10,29,4,0,69,transfer,162.6020,273.064
40,10,29,4,0,72,transfer,167.8650,273.064
40,10,29,4,0,76,transfer,172.9870,273.064
40,10,29,4,0,79,transfer,178.1060,273.064
40,10,29,4,0,83,transfer,183.0670,273.064
40,10,29,4,0,86,transfer,188.1950,273.064
40,10,29,4,0,90,transfer,193.5980,273.064
40,10,29,4,0,93,transfer,198.2690,273.064
40,10,29,4,0,97,transfer,203.5420,273.064
40,10,29,4,0,100,transfer,209.0960,273.064
40,10,30,4,0,3,transfer,65.3568,280.371
40,10,30,4,0,7,transfer,70.8662,280.371
40,10,30,4,0,10,transfer,76.1447,280.371
40,10,30,4,0,13,transfer,80.9715,280.371
40,10,30,4,0,17,transfer,86.3754,280.371
40,10,30,4,0,20,transfer,91.7915,280.371
40,10,30,4,0,23,transfer,96.7650,280.371
40,10,30,4,0,27,transfer,102.3190,280.371
40,10,30,4,0,30,transfer,107.5860,280.371
40,10,30,4,0,33,transfer,112.4090,280.371
40,10,30,4,0,37,transfer,117.8220,280.371
40,10,30,4,0,40,transfer,123.0900,280.371
40,10,30,4,0,43,transfer,128.0540,280.371
40,10,30,4,0,47,transfer,133.6170,280.371
40,10,30,4,0,50,transfer,138.8910,280.371
40,10,30,4,0,53,transfer,143.8580,280.371
40,10,30,4,0,57,transfer,149.4220,280.371
40,10,30,4,0,60,transfer,154.8340,280.371
40,10,30,4,0,63,transfer,159.8030,280.371
40,10,30,4,0,67,transfer,165.2260,280.371
40,10,30,4,0,70,transfer,170.4800,280.371
40,10,30,4,0,73,transfer,175.3020,280.371
40,10,30,4,0,77,transfer,180.7210,280.371
40,10,30,4,0,80,transfer,185.9860,280.371
40,10,30,4,0,83,transfer,190.7990,280.371
40,10,30,4,0,87,transfer,196.2200,280.371
40,10,30,4,0,90,transfer,201.4800,280.371
40,10,30,4,0,93,transfer,206.2980,280.371
40,10,30,4,0,97,transfer,211.8660,280.371
40,10,30,4,0,100,transfer,217.2750,280.371
40,10,31,4,0,3,transfer,66.5598,287.678
40,10,31,4,0,6,transfer,71.9337,287.678
40,10,31,4,0,10,transfer,77.2137,287.678
40,10,31,4,0,13,transfer,81.7595,287.678
40,10,31,4,0,16,transfer,87.0172,287.678
40,10,31,4,0,19,transfer,92.4376,287.678
40,10,31,4,0,23,transfer,97.2760,287.678
40,10,31,4,0,26,transfer,102.6870,287.678
40,10,31,4,0,29,transfer,107.6630,287.678
40,10,31,4,0,32,transfer,112.6450,287.678
40,10,31,4,0,35,transfer,117.6170,287.678
40,10,31,4,0,39,transfer,122.5930,287.678
40,10,31,4,0,42,transfer,128.0170,287.678
40,10,31,4,0,45,transfer,132.9910,287.678
40,10,31,4,0,48,transfer,137.9660,287.678
40,10,31,4,0,52,transfer,143.3890,287.678
40,10,31,4,0,55,transfer,148.6580,287.678
40,10,31,4,0,58,transfer,153.3380,287.678
40,10,31,4,0,61,transfer,158.7600,287.678
40,10,31,4,0,65,transfer,164.1770,287.678
40,10,31,4,0,68,transfer,168.7160,287.678
40,10,31,4,0,71,transfer,173.9860,287.678
40,10,31,4,0,74,transfer,179.1090,287.678
40,10,31,4,0,77,transfer,183.9370,287.678
40,10,31,4,0,81,transfer,189.0600,287.678
40,10,31,4,0,84,transfer,194.0390,287.678
40,10,31,4,0,87,transfer,199.1630,287.678
40,10,31,4,0,90,transfer,203.9910,287.678
40,10,31,4,0,94,transfer,209.1150,287.678
40,10,31,4,0,97,transfer,214.5360,287.678
40,10,31,4,0,100,transfer,219.6580,287.678
40,10,32,4,0,3,transfer,68.5880,294.985
40,10,32,4,0,6,transfer,74.6361,294.985
40,10,32,4,0,9,transfer,80.3598,294.985
40,10,32,4,0,12,transfer,86.0486,294.985
40,10,32,4,0,16,transfer,91.9930,294.985
40,10,32,4,0,19,transfer,97.4050,294.985
40,10,32,4,0,22,transfer,103.5380,294.985
40,10,32,4,0,25,transfer,108.7780,294.985
40,10,32,4,0,28,transfer,114.5950,294.985
40,10,32,4,0,31,transfer,120.5640,294.985
40,10,32,4,0,34,transfer,126.2610,294.985
40,10,32,4,0,38,transfer,131.9290,294.985
40,10,32,4,0,41,transfer,137.8890,294.985
40,10,32,4,0,44,transfer,143.3060,294.985
40,10,32,4,0,47,transfer,149.4200,294.985
40,10,32,4,0,50,transfer,154.5370,294.985
40,10,32,4,0,53,transfer,160.5060,294.985
40,10,32,4,0,56,transfer,166.6150,294.985
40,10,32,4,0,59,transfer,172.4600,294.985
40,10,32,4,0,62,transfer,178.1360,294.985
40,10,32,4,0,66,transfer,184.1140,294.985
40,10,32,4,0,69,transfer,189.3480,294.985
40,10,32,4,0,72,transfer,195.3270,294.985
40,10,32,4,0,75,transfer,200.4320,294.985
40,10,32,4,0,78,transfer,206.2480,294.985
40,10,32,4,0,81,transfer,212.2170,294.985
40,10,32,4,0,84,transfer,217.9210,294.985
40,10,32,4,0,88,transfer,223.5920,294.985
40,10,32,4,0,91,transfer,229.7050,294.985
40,10,32,4,0,94,transfer,235.1140,294.985
40,10,32,4,0,97,transfer,241.2330,294.985
40,10,32,4,0,100,transfer,246.4820,294.985
