,Components,alpha_in,alpha_out,alpha_inout,alpha_inout_weight,Power [nW]
0,dff,1.03,1.03,1.03,1.03,10198.7
1,dff,1.03,1.03,1.03,1.03,9337.08
2,dff,1.03,1.03,1.03,1.03,9349.04
3,dff,1.03,1.03,1.03,1.03,9342.9
4,dff,1.03,1.03,1.03,1.03,9342.79
5,dff,1.03,1.03,1.03,1.03,9345.82
6,dff,1.03,1.03,1.03,1.03,9331.21
7,dff,1.03,1.03,1.03,1.03,9344.18
8,dff,1.03,1.03,1.03,1.03,9334.63
9,dff,2.08,2.08,2.08,2.08,9418.19
10,dff,2.08,2.08,2.08,2.08,9417.43
11,dff,2.08,2.08,2.08,2.08,9421.58
12,dff,2.08,2.08,2.08,2.08,9425.38
13,dff,2.08,2.08,2.08,2.08,9421.4
14,dff,2.08,2.08,2.08,2.08,9418.37
15,dff,2.08,2.08,2.08,2.08,9427.7
16,dff,2.08,2.08,2.08,2.08,9421.26
17,dff,2.08,2.08,2.08,2.08,9418.27
18,dff,3.11,3.11,3.11,3.11,9506.35
19,dff,3.11,3.11,3.11,3.11,9498.95
20,dff,3.11,3.11,3.11,3.11,9504.06
21,dff,3.11,3.11,3.11,3.11,9498.9
22,dff,3.11,3.11,3.11,3.11,9501.34
23,dff,3.11,3.11,3.11,3.11,9502.11
24,dff,3.11,3.11,3.11,3.11,9504.91
25,dff,3.11,3.11,3.11,3.11,9504.68
26,dff,3.11,3.11,3.11,3.11,9506.03
27,dff,4.15,4.15,4.15,4.15,9593.89
28,dff,4.15,4.15,4.15,4.15,9589.45
29,dff,4.15,4.15,4.15,4.15,9591.42
30,dff,4.15,4.15,4.15,4.15,9588.19
31,dff,4.15,4.15,4.15,4.15,9592.65
32,dff,4.15,4.15,4.15,4.15,9592.41
33,dff,4.15,4.15,4.15,4.15,9593.44
34,dff,4.15,4.15,4.15,4.15,9589.89
35,dff,4.15,4.15,4.15,4.15,9590.73
36,dff,5.19,5.19,5.19,5.19,9680.49
37,dff,5.19,5.19,5.19,5.19,9678.53
38,dff,5.19,5.19,5.19,5.19,9678.29
39,dff,5.19,5.19,5.19,5.19,9679.3
40,dff,5.19,5.19,5.19,5.19,9679.86
41,dff,5.19,5.19,5.19,5.19,9678.81
42,dff,5.19,5.19,5.19,5.19,9679.69
43,dff,5.19,5.19,5.19,5.19,9678.62
44,dff,5.19,5.19,5.19,5.19,9683.56
45,dff,6.23,6.23,6.23,6.23,9772.61
46,dff,6.23,6.23,6.23,6.23,9772.57
47,dff,6.23,6.23,6.23,6.23,9772.73
48,dff,6.23,6.23,6.23,6.23,9774.45
49,dff,6.23,6.23,6.23,6.23,9774.88
50,dff,6.23,6.23,6.23,6.23,9772.9
51,dff,6.23,6.23,6.23,6.23,9773.68
52,dff,6.23,6.23,6.23,6.23,9771.85
53,dff,6.23,6.23,6.23,6.23,9773.91
54,dff,7.26,7.26,7.26,7.26,9868.74
55,dff,7.26,7.26,7.26,7.26,9867.49
56,dff,7.26,7.26,7.26,7.26,9867.59
57,dff,7.26,7.26,7.26,7.26,9866.41
58,dff,7.26,7.26,7.26,7.26,9868.42
59,dff,7.26,7.26,7.26,7.26,9867.77
60,dff,7.26,7.26,7.26,7.26,9866.67
61,dff,7.26,7.26,7.26,7.26,9869.15
62,dff,7.26,7.26,7.26,7.26,9867.84
63,dff,8.3,8.3,8.3,8.3,9963.24
64,dff,8.3,8.3,8.3,8.3,9963.67
65,dff,8.3,8.3,8.3,8.3,9962.68
66,dff,8.3,8.3,8.3,8.3,9962.34
67,dff,8.3,8.3,8.3,8.3,9963.69
68,dff,8.3,8.3,8.3,8.3,9963.51
69,dff,8.3,8.3,8.3,8.3,9964.25
70,dff,8.3,8.3,8.3,8.3,9962.65
71,dff,8.3,8.3,8.3,8.3,9963.94
72,dff,9.34,9.34,9.34,9.34,10059.0
73,dff,9.34,9.34,9.34,9.34,10058.8
74,dff,9.34,9.34,9.34,9.34,10057.8
75,dff,9.34,9.34,9.34,9.34,10059.4
76,dff,9.34,9.34,9.34,9.34,10057.9
77,dff,9.34,9.34,9.34,9.34,10057.7
78,dff,9.34,9.34,9.34,9.34,10058.7
79,dff,9.34,9.34,9.34,9.34,10060.2
80,dff,9.34,9.34,9.34,9.34,10059.0
81,dff,10.38,10.38,10.38,10.38,10599.5
82,dff,10.38,10.38,10.38,10.38,10154.5
83,dff,10.38,10.38,10.38,10.38,10153.1
84,dff,10.38,10.38,10.38,10.38,10154.7
85,dff,10.38,10.38,10.38,10.38,10153.6
86,dff,10.38,10.38,10.38,10.38,10154.5
87,dff,10.38,10.38,10.38,10.38,10153.8
88,dff,10.38,10.38,10.38,10.38,10153.2
89,dff,10.38,10.38,10.38,10.38,10153.3
90,dff,11.42,11.42,11.42,11.42,10249.6
91,dff,11.42,11.42,11.42,11.42,10250.6
92,dff,11.42,11.42,11.42,11.42,10249.9
93,dff,11.42,11.42,11.42,11.42,10249.7
94,dff,11.42,11.42,11.42,11.42,10249.0
95,dff,11.42,11.42,11.42,11.42,10250.4
96,dff,11.42,11.42,11.42,11.42,10250.1
97,dff,11.42,11.42,11.42,11.42,10250.2
98,dff,11.42,11.42,11.42,11.42,10249.2
99,dff,12.45,12.45,12.45,12.45,10345.0
100,dff,12.45,12.45,12.45,12.45,10344.7
101,dff,12.45,12.45,12.45,12.45,10343.5
102,dff,12.45,12.45,12.45,12.45,10345.0
103,dff,12.45,12.45,12.45,12.45,10344.1
104,dff,12.45,12.45,12.45,12.45,10344.2
105,dff,12.45,12.45,12.45,12.45,10345.6
106,dff,12.45,12.45,12.45,12.45,10345.6
107,dff,12.45,12.45,12.45,12.45,10345.4
108,dff,13.33,13.33,13.33,13.33,10426.4
109,dff,13.33,13.33,13.33,13.33,10425.4
110,dff,13.33,13.33,13.33,13.33,10426.2
111,dff,13.33,13.33,13.33,13.33,10426.1
112,dff,13.33,13.33,13.33,13.33,10426.3
113,dff,13.33,13.33,13.33,13.33,10425.1
114,dff,13.33,13.33,13.33,13.33,10425.4
115,dff,13.33,13.33,13.33,13.33,10424.8
116,dff,13.33,13.33,13.33,13.33,10425.6
117,dff,14.23,14.23,14.23,14.23,10507.3
118,dff,14.23,14.23,14.23,14.23,10507.7
119,dff,14.23,14.23,14.23,14.23,10507.7
120,dff,14.23,14.23,14.23,14.23,10507.9
121,dff,14.23,14.23,14.23,14.23,10507.2
122,dff,14.23,14.23,14.23,14.23,10507.9
123,dff,14.23,14.23,14.23,14.23,10506.7
124,dff,14.23,14.23,14.23,14.23,10508.1
125,dff,14.23,14.23,14.23,14.23,10508.2
126,dff,15.12,15.12,15.12,15.12,10590.1
127,dff,15.12,15.12,15.12,15.12,10590.2
128,dff,15.12,15.12,15.12,15.12,10589.8
129,dff,15.12,15.12,15.12,15.12,10589.7
130,dff,15.12,15.12,15.12,15.12,10589.4
131,dff,15.12,15.12,15.12,15.12,10590.5
132,dff,15.12,15.12,15.12,15.12,10589.3
133,dff,15.12,15.12,15.12,15.12,10589.2
134,dff,15.12,15.12,15.12,15.12,10590.6
135,dff,16.01,16.01,16.01,16.01,10671.6
136,dff,16.01,16.01,16.01,16.01,10671.7
137,dff,16.01,16.01,16.01,16.01,10672.2
138,dff,16.01,16.01,16.01,16.01,10670.9
139,dff,16.01,16.01,16.01,16.01,10671.9
140,dff,16.01,16.01,16.01,16.01,10672.0
141,dff,16.01,16.01,16.01,16.01,10671.8
142,dff,16.01,16.01,16.01,16.01,10671.9
143,dff,16.01,16.01,16.01,16.01,10671.2
144,dff,16.9,16.9,16.9,16.9,10753.5
145,dff,16.9,16.9,16.9,16.9,10752.8
146,dff,16.9,16.9,16.9,16.9,10753.5
147,dff,16.9,16.9,16.9,16.9,10753.8
148,dff,16.9,16.9,16.9,16.9,10753.7
149,dff,16.9,16.9,16.9,16.9,10753.4
150,dff,16.9,16.9,16.9,16.9,10753.8
151,dff,16.9,16.9,16.9,16.9,10753.8
152,dff,16.9,16.9,16.9,16.9,10753.2
153,dff,17.79,17.79,17.79,17.79,10835.2
154,dff,17.79,17.79,17.79,17.79,10835.6
155,dff,17.79,17.79,17.79,17.79,10835.8
156,dff,17.79,17.79,17.79,17.79,10835.9
157,dff,17.79,17.79,17.79,17.79,10836.0
158,dff,17.79,17.79,17.79,17.79,10835.2
159,dff,17.79,17.79,17.79,17.79,10836.0
160,dff,17.79,17.79,17.79,17.79,10835.6
161,dff,17.79,17.79,17.79,17.79,10834.8
162,dff,18.68,18.68,18.68,18.68,10916.4
163,dff,18.68,18.68,18.68,18.68,10917.2
164,dff,18.68,18.68,18.68,18.68,10916.9
165,dff,18.68,18.68,18.68,18.68,10916.9
166,dff,18.68,18.68,18.68,18.68,10916.1
167,dff,18.68,18.68,18.68,18.68,10916.7
168,dff,18.68,18.68,18.68,18.68,10916.3
169,dff,18.68,18.68,18.68,18.68,10916.3
170,dff,18.68,18.68,18.68,18.68,10916.2
171,dff,19.71,19.71,19.71,19.71,11011.9
172,dff,19.71,19.71,19.71,19.71,11011.5
173,dff,19.71,19.71,19.71,19.71,11011.3
174,dff,19.71,19.71,19.71,19.71,11011.8
175,dff,19.71,19.71,19.71,19.71,11011.2
176,dff,19.71,19.71,19.71,19.71,11011.7
177,dff,19.71,19.71,19.71,19.71,11011.8
178,dff,19.71,19.71,19.71,19.71,11011.2
179,dff,19.71,19.71,19.71,19.71,11012.1
180,dff,20.75,20.75,20.75,20.75,11107.1
181,dff,20.75,20.75,20.75,20.75,11107.6
182,dff,20.75,20.75,20.75,20.75,11107.1
183,dff,20.75,20.75,20.75,20.75,11106.9
184,dff,20.75,20.75,20.75,20.75,11106.5
185,dff,20.75,20.75,20.75,20.75,11107.3
186,dff,20.75,20.75,20.75,20.75,11107.6
187,dff,20.75,20.75,20.75,20.75,11107.0
188,dff,20.75,20.75,20.75,20.75,11107.1
189,dff,21.79,21.79,21.79,21.79,11202.7
190,dff,21.79,21.79,21.79,21.79,11202.8
191,dff,21.79,21.79,21.79,21.79,11202.7
192,dff,21.79,21.79,21.79,21.79,11202.7
193,dff,21.79,21.79,21.79,21.79,11202.8
194,dff,21.79,21.79,21.79,21.79,11203.2
195,dff,21.79,21.79,21.79,21.79,11203.2
196,dff,21.79,21.79,21.79,21.79,11202.8
197,dff,21.79,21.79,21.79,21.79,11202.3
198,dff,22.83,22.83,22.83,22.83,11297.9
199,dff,22.83,22.83,22.83,22.83,11298.0
200,dff,22.83,22.83,22.83,22.83,11298.5
201,dff,22.83,22.83,22.83,22.83,11297.7
202,dff,22.83,22.83,22.83,22.83,11298.3
203,dff,22.83,22.83,22.83,22.83,11298.1
204,dff,22.83,22.83,22.83,22.83,11297.8
205,dff,22.83,22.83,22.83,22.83,11297.7
206,dff,22.83,22.83,22.83,22.83,11298.2
207,dff,23.87,23.87,23.87,23.87,11393.5
208,dff,23.87,23.87,23.87,23.87,11393.8
209,dff,23.87,23.87,23.87,23.87,11393.0
210,dff,23.87,23.87,23.87,23.87,11393.8
211,dff,23.87,23.87,23.87,23.87,11393.6
212,dff,23.87,23.87,23.87,23.87,11393.2
213,dff,23.87,23.87,23.87,23.87,11393.6
214,dff,23.87,23.87,23.87,23.87,11393.9
215,dff,23.87,23.87,23.87,23.87,11393.4
216,dff,24.9,24.9,24.9,24.9,11488.8
217,dff,24.9,24.9,24.9,24.9,11488.6
218,dff,24.9,24.9,24.9,24.9,11488.5
219,dff,24.9,24.9,24.9,24.9,11488.4
220,dff,24.9,24.9,24.9,24.9,11489.2
221,dff,24.9,24.9,24.9,24.9,11488.8
222,dff,24.9,24.9,24.9,24.9,11488.5
223,dff,24.9,24.9,24.9,24.9,11489.0
224,dff,24.9,24.9,24.9,24.9,11488.7
225,dff,25.93,25.93,25.93,25.93,11583.8
226,dff,25.93,25.93,25.93,25.93,11583.8
227,dff,25.93,25.93,25.93,25.93,11583.6
228,dff,25.93,25.93,25.93,25.93,11583.8
229,dff,25.93,25.93,25.93,25.93,11583.6
230,dff,25.93,25.93,25.93,25.93,11583.5
231,dff,25.93,25.93,25.93,25.93,11583.8
232,dff,25.93,25.93,25.93,25.93,11583.8
233,dff,25.93,25.93,25.93,25.93,11584.1
234,dff,26.98,26.98,26.98,26.98,11679.7
235,dff,26.98,26.98,26.98,26.98,11679.1
236,dff,26.98,26.98,26.98,26.98,11679.1
237,dff,26.98,26.98,26.98,26.98,11679.8
238,dff,26.98,26.98,26.98,26.98,11679.3
239,dff,26.98,26.98,26.98,26.98,11679.5
240,dff,26.98,26.98,26.98,26.98,11679.1
241,dff,26.98,26.98,26.98,26.98,11679.4
242,dff,26.98,26.98,26.98,26.98,11679.6
243,dff,28.01,28.01,28.01,28.01,11774.4
244,dff,28.01,28.01,28.01,28.01,11774.6
245,dff,28.01,28.01,28.01,28.01,11774.4
246,dff,28.01,28.01,28.01,28.01,11774.5
247,dff,28.01,28.01,28.01,28.01,11774.4
248,dff,28.01,28.01,28.01,28.01,11774.3
249,dff,28.01,28.01,28.01,28.01,11774.5
250,dff,28.01,28.01,28.01,28.01,11774.9
251,dff,28.01,28.01,28.01,28.01,11773.9
252,dff,29.05,29.05,29.05,29.05,11870.4
253,dff,29.05,29.05,29.05,29.05,11870.9
254,dff,29.05,29.05,29.05,29.05,11869.9
255,dff,29.05,29.05,29.05,29.05,11869.8
256,dff,29.05,29.05,29.05,29.05,11870.4
257,dff,29.05,29.05,29.05,29.05,11869.9
258,dff,29.05,29.05,29.05,29.05,11870.2
259,dff,29.05,29.05,29.05,29.05,11870.3
260,dff,29.05,29.05,29.05,29.05,11870.2
261,dff,30.09,30.09,30.09,30.09,11965.6
262,dff,30.09,30.09,30.09,30.09,11965.7
263,dff,30.09,30.09,30.09,30.09,11965.2
264,dff,30.09,30.09,30.09,30.09,11966.0
265,dff,30.09,30.09,30.09,30.09,11966.2
266,dff,30.09,30.09,30.09,30.09,11966.0
267,dff,30.09,30.09,30.09,30.09,11966.2
268,dff,30.09,30.09,30.09,30.09,11965.0
269,dff,30.09,30.09,30.09,30.09,11965.7
270,dff,31.13,31.13,31.13,31.13,12060.6
271,dff,31.13,31.13,31.13,31.13,12060.2
272,dff,31.13,31.13,31.13,31.13,12061.1
273,dff,31.13,31.13,31.13,31.13,12060.5
274,dff,31.13,31.13,31.13,31.13,12060.9
275,dff,31.13,31.13,31.13,31.13,12060.4
276,dff,31.13,31.13,31.13,31.13,12060.7
277,dff,31.13,31.13,31.13,31.13,12060.5
278,dff,31.13,31.13,31.13,31.13,12060.3
279,dff,32.01,32.01,32.01,32.01,12141.9
280,dff,32.01,32.01,32.01,32.01,12142.2
281,dff,32.01,32.01,32.01,32.01,12141.9
282,dff,32.01,32.01,32.01,32.01,12142.4
283,dff,32.01,32.01,32.01,32.01,12142.2
284,dff,32.01,32.01,32.01,32.01,12141.7
285,dff,32.01,32.01,32.01,32.01,12142.3
286,dff,32.01,32.01,32.01,32.01,12142.0
287,dff,32.01,32.01,32.01,32.01,12142.2
288,dff,32.9,32.9,32.9,32.9,12223.7
289,dff,32.9,32.9,32.9,32.9,12224.3
290,dff,32.9,32.9,32.9,32.9,12224.2
291,dff,32.9,32.9,32.9,32.9,12224.3
292,dff,32.9,32.9,32.9,32.9,12224.3
293,dff,32.9,32.9,32.9,32.9,12224.0
294,dff,32.9,32.9,32.9,32.9,12224.0
295,dff,32.9,32.9,32.9,32.9,12223.8
296,dff,32.9,32.9,32.9,32.9,12223.8
297,dff,33.79,33.79,33.79,33.79,12305.7
298,dff,33.79,33.79,33.79,33.79,12305.7
299,dff,33.79,33.79,33.79,33.79,12305.8
300,dff,33.79,33.79,33.79,33.79,12305.5
301,dff,33.79,33.79,33.79,33.79,12305.8
302,dff,33.79,33.79,33.79,33.79,12305.7
303,dff,33.79,33.79,33.79,33.79,12306.0
304,dff,33.79,33.79,33.79,33.79,12306.0
305,dff,33.79,33.79,33.79,33.79,12305.9
306,dff,34.68,34.68,34.68,34.68,12387.6
307,dff,34.68,34.68,34.68,34.68,12387.4
308,dff,34.68,34.68,34.68,34.68,12387.9
309,dff,34.68,34.68,34.68,34.68,12388.0
310,dff,34.68,34.68,34.68,34.68,12388.3
311,dff,34.68,34.68,34.68,34.68,12387.6
312,dff,34.68,34.68,34.68,34.68,12387.8
313,dff,34.68,34.68,34.68,34.68,12387.7
314,dff,34.68,34.68,34.68,34.68,12387.6
315,dff,35.57,35.57,35.57,35.57,12469.5
316,dff,35.57,35.57,35.57,35.57,12469.7
317,dff,35.57,35.57,35.57,35.57,12469.3
318,dff,35.57,35.57,35.57,35.57,12469.8
319,dff,35.57,35.57,35.57,35.57,12469.5
320,dff,35.57,35.57,35.57,35.57,12469.6
321,dff,35.57,35.57,35.57,35.57,12469.5
322,dff,35.57,35.57,35.57,35.57,12469.7
323,dff,35.57,35.57,35.57,35.57,12469.7
324,dff,36.47,36.47,36.47,36.47,12551.7
325,dff,36.47,36.47,36.47,36.47,12552.1
326,dff,36.47,36.47,36.47,36.47,12551.5
327,dff,36.47,36.47,36.47,36.47,12551.3
328,dff,36.47,36.47,36.47,36.47,12551.3
329,dff,36.47,36.47,36.47,36.47,12551.7
330,dff,36.47,36.47,36.47,36.47,12551.6
331,dff,36.47,36.47,36.47,36.47,12551.5
332,dff,36.47,36.47,36.47,36.47,12551.0
333,dff,37.35,37.35,37.35,37.35,12632.6
334,dff,37.35,37.35,37.35,37.35,12632.8
335,dff,37.35,37.35,37.35,37.35,12633.0
336,dff,37.35,37.35,37.35,37.35,12632.6
337,dff,37.35,37.35,37.35,37.35,12632.7
338,dff,37.35,37.35,37.35,37.35,12632.6
339,dff,37.35,37.35,37.35,37.35,12632.7
340,dff,37.35,37.35,37.35,37.35,12633.0
341,dff,37.35,37.35,37.35,37.35,12633.2
342,dff,38.38,38.38,38.38,38.38,12727.7
343,dff,38.38,38.38,38.38,38.38,12727.9
344,dff,38.38,38.38,38.38,38.38,12727.4
345,dff,38.38,38.38,38.38,38.38,12727.8
346,dff,38.38,38.38,38.38,38.38,12728.0
347,dff,38.38,38.38,38.38,38.38,12727.6
348,dff,38.38,38.38,38.38,38.38,12728.2
349,dff,38.38,38.38,38.38,38.38,12727.8
350,dff,38.38,38.38,38.38,38.38,12727.7
351,dff,39.43,39.43,39.43,39.43,11959.9
352,dff,39.43,39.43,39.43,39.43,12823.2
353,dff,39.43,39.43,39.43,39.43,12823.8
354,dff,39.43,39.43,39.43,39.43,12823.7
355,dff,39.43,39.43,39.43,39.43,12823.3
356,dff,39.43,39.43,39.43,39.43,12823.5
357,dff,39.43,39.43,39.43,39.43,12823.3
358,dff,39.43,39.43,39.43,39.43,12823.7
359,dff,39.43,39.43,39.43,39.43,12823.7
360,dff,40.46,40.46,40.46,40.46,12918.8
361,dff,40.46,40.46,40.46,40.46,12918.8
362,dff,40.46,40.46,40.46,40.46,12918.4
363,dff,40.46,40.46,40.46,40.46,12918.6
364,dff,40.46,40.46,40.46,40.46,12918.8
365,dff,40.46,40.46,40.46,40.46,12918.8
366,dff,40.46,40.46,40.46,40.46,12918.9
367,dff,40.46,40.46,40.46,40.46,12918.9
368,dff,40.46,40.46,40.46,40.46,12918.6
369,dff,41.5,41.5,41.5,41.5,13013.9
370,dff,41.5,41.5,41.5,41.5,13014.4
371,dff,41.5,41.5,41.5,41.5,13013.9
372,dff,41.5,41.5,41.5,41.5,13014.5
373,dff,41.5,41.5,41.5,41.5,13014.4
374,dff,41.5,41.5,41.5,41.5,13014.0
375,dff,41.5,41.5,41.5,41.5,13014.3
376,dff,41.5,41.5,41.5,41.5,13014.3
377,dff,41.5,41.5,41.5,41.5,13014.3
378,dff,42.54,42.54,42.54,42.54,13109.9
379,dff,42.54,42.54,42.54,42.54,13109.9
380,dff,42.54,42.54,42.54,42.54,13109.8
381,dff,42.54,42.54,42.54,42.54,13110.3
382,dff,42.54,42.54,42.54,42.54,13109.9
383,dff,42.54,42.54,42.54,42.54,13110.0
384,dff,42.54,42.54,42.54,42.54,13109.8
385,dff,42.54,42.54,42.54,42.54,13110.1
386,dff,42.54,42.54,42.54,42.54,13110.1
387,dff,43.58,43.58,43.58,43.58,13204.8
388,dff,43.58,43.58,43.58,43.58,13205.0
389,dff,43.58,43.58,43.58,43.58,13205.1
390,dff,43.58,43.58,43.58,43.58,13204.8
391,dff,43.58,43.58,43.58,43.58,13205.3
392,dff,43.58,43.58,43.58,43.58,13204.9
393,dff,43.58,43.58,43.58,43.58,13205.1
394,dff,43.58,43.58,43.58,43.58,13205.1
395,dff,43.58,43.58,43.58,43.58,13205.0
396,dff,44.61,44.61,44.61,44.61,13299.9
397,dff,44.61,44.61,44.61,44.61,13300.2
398,dff,44.61,44.61,44.61,44.61,13300.1
399,dff,44.61,44.61,44.61,44.61,13300.1
400,dff,44.61,44.61,44.61,44.61,13300.2
401,dff,44.61,44.61,44.61,44.61,13300.2
402,dff,44.61,44.61,44.61,44.61,13300.2
403,dff,44.61,44.61,44.61,44.61,13300.3
404,dff,44.61,44.61,44.61,44.61,13300.0
405,dff,45.65,45.65,45.65,45.65,13395.7
406,dff,45.65,45.65,45.65,45.65,13395.9
407,dff,45.65,45.65,45.65,45.65,13395.8
408,dff,45.65,45.65,45.65,45.65,13395.8
409,dff,45.65,45.65,45.65,45.65,13395.8
410,dff,45.65,45.65,45.65,45.65,13395.4
411,dff,45.65,45.65,45.65,45.65,13395.9
412,dff,45.65,45.65,45.65,45.65,13395.9
413,dff,45.65,45.65,45.65,45.65,13395.8
414,dff,46.69,46.69,46.69,46.69,13491.7
415,dff,46.69,46.69,46.69,46.69,13491.3
416,dff,46.69,46.69,46.69,46.69,13491.2
417,dff,46.69,46.69,46.69,46.69,13491.4
418,dff,46.69,46.69,46.69,46.69,13491.2
419,dff,46.69,46.69,46.69,46.69,13491.5
420,dff,46.69,46.69,46.69,46.69,13491.1
421,dff,46.69,46.69,46.69,46.69,13491.5
422,dff,46.69,46.69,46.69,46.69,13491.3
423,dff,47.73,47.73,47.73,47.73,13586.3
424,dff,47.73,47.73,47.73,47.73,13586.5
425,dff,47.73,47.73,47.73,47.73,13586.8
426,dff,47.73,47.73,47.73,47.73,13586.4
427,dff,47.73,47.73,47.73,47.73,13586.6
428,dff,47.73,47.73,47.73,47.73,13586.3
429,dff,47.73,47.73,47.73,47.73,13586.5
430,dff,47.73,47.73,47.73,47.73,13586.4
431,dff,47.73,47.73,47.73,47.73,13586.3
432,dff,48.77,48.77,48.77,48.77,13681.9
433,dff,48.77,48.77,48.77,48.77,13682.0
434,dff,48.77,48.77,48.77,48.77,13682.0
435,dff,48.77,48.77,48.77,48.77,13682.0
436,dff,48.77,48.77,48.77,48.77,13682.3
437,dff,48.77,48.77,48.77,48.77,13682.1
438,dff,48.77,48.77,48.77,48.77,13682.1
439,dff,48.77,48.77,48.77,48.77,13681.9
440,dff,48.77,48.77,48.77,48.77,13681.9
441,dff,49.8,49.8,49.8,49.8,13776.8
442,dff,49.8,49.8,49.8,49.8,13777.2
443,dff,49.8,49.8,49.8,49.8,13777.2
444,dff,49.8,49.8,49.8,49.8,13777.2
445,dff,49.8,49.8,49.8,49.8,13777.0
446,dff,49.8,49.8,49.8,49.8,13777.0
447,dff,49.8,49.8,49.8,49.8,13777.1
448,dff,49.8,49.8,49.8,49.8,13777.0
449,dff,49.8,49.8,49.8,49.8,13777.5
450,dff,50.83,50.83,50.83,50.83,13872.3
451,dff,50.83,50.83,50.83,50.83,13872.2
452,dff,50.83,50.83,50.83,50.83,13872.4
453,dff,50.83,50.83,50.83,50.83,13872.1
454,dff,50.83,50.83,50.83,50.83,13872.3
455,dff,50.83,50.83,50.83,50.83,13872.2
456,dff,50.83,50.83,50.83,50.83,13872.1
457,dff,50.83,50.83,50.83,50.83,13872.1
458,dff,50.83,50.83,50.83,50.83,13872.3
459,dff,51.88,51.88,51.88,51.88,13967.7
460,dff,51.88,51.88,51.88,51.88,13967.6
461,dff,51.88,51.88,51.88,51.88,13968.0
462,dff,51.88,51.88,51.88,51.88,13967.9
463,dff,51.88,51.88,51.88,51.88,13967.7
464,dff,51.88,51.88,51.88,51.88,13967.9
465,dff,51.88,51.88,51.88,51.88,13967.8
466,dff,51.88,51.88,51.88,51.88,13967.9
467,dff,51.88,51.88,51.88,51.88,13968.0
468,dff,52.91,52.91,52.91,52.91,14062.9
469,dff,52.91,52.91,52.91,52.91,14063.1
470,dff,52.91,52.91,52.91,52.91,14062.9
471,dff,52.91,52.91,52.91,52.91,14062.9
472,dff,52.91,52.91,52.91,52.91,14062.9
473,dff,52.91,52.91,52.91,52.91,14063.1
474,dff,52.91,52.91,52.91,52.91,14062.8
475,dff,52.91,52.91,52.91,52.91,14062.9
476,dff,52.91,52.91,52.91,52.91,14062.9
477,dff,53.95,53.95,53.95,53.95,14158.7
478,dff,53.95,53.95,53.95,53.95,14158.4
479,dff,53.95,53.95,53.95,53.95,14158.6
480,dff,53.95,53.95,53.95,53.95,14158.5
481,dff,53.95,53.95,53.95,53.95,14158.4
482,dff,53.95,53.95,53.95,53.95,14158.6
483,dff,53.95,53.95,53.95,53.95,14158.6
484,dff,53.95,53.95,53.95,53.95,14158.5
485,dff,53.95,53.95,53.95,53.95,14158.5
486,dff,54.99,54.99,54.99,54.99,14254.2
487,dff,54.99,54.99,54.99,54.99,14254.0
488,dff,54.99,54.99,54.99,54.99,14254.2
489,dff,54.99,54.99,54.99,54.99,14253.9
490,dff,54.99,54.99,54.99,54.99,14254.1
491,dff,54.99,54.99,54.99,54.99,14254.1
492,dff,54.99,54.99,54.99,54.99,14254.2
493,dff,54.99,54.99,54.99,54.99,14254.3
494,dff,54.99,54.99,54.99,54.99,14254.1
495,dff,56.03,56.03,56.03,56.03,14349.4
496,dff,56.03,56.03,56.03,56.03,14349.4
497,dff,56.03,56.03,56.03,56.03,14349.2
498,dff,56.03,56.03,56.03,56.03,14349.2
499,dff,56.03,56.03,56.03,56.03,14349.2
500,dff,56.03,56.03,56.03,56.03,14349.0
501,dff,56.03,56.03,56.03,56.03,14349.4
502,dff,56.03,56.03,56.03,56.03,14349.4
503,dff,56.03,56.03,56.03,56.03,14349.3
504,dff,57.06,57.06,57.06,57.06,14444.4
505,dff,57.06,57.06,57.06,57.06,14444.2
506,dff,57.06,57.06,57.06,57.06,14444.2
507,dff,57.06,57.06,57.06,57.06,14444.2
508,dff,57.06,57.06,57.06,57.06,14444.2
509,dff,57.06,57.06,57.06,57.06,14444.4
510,dff,57.06,57.06,57.06,57.06,14444.2
511,dff,57.06,57.06,57.06,57.06,14444.4
512,dff,57.06,57.06,57.06,57.06,14444.4
513,dff,58.1,58.1,58.1,58.1,14539.9
514,dff,58.1,58.1,58.1,58.1,14540.0
515,dff,58.1,58.1,58.1,58.1,14539.9
516,dff,58.1,58.1,58.1,58.1,14539.8
517,dff,58.1,58.1,58.1,58.1,14540.1
518,dff,58.1,58.1,58.1,58.1,14540.0
519,dff,58.1,58.1,58.1,58.1,14539.7
520,dff,58.1,58.1,58.1,58.1,14540.0
521,dff,58.1,58.1,58.1,58.1,14539.9
522,dff,59.14,59.14,59.14,59.14,14634.9
523,dff,59.14,59.14,59.14,59.14,14635.0
524,dff,59.14,59.14,59.14,59.14,14635.1
525,dff,59.14,59.14,59.14,59.14,14634.9
526,dff,59.14,59.14,59.14,59.14,14635.0
527,dff,59.14,59.14,59.14,59.14,14635.1
528,dff,59.14,59.14,59.14,59.14,14634.7
529,dff,59.14,59.14,59.14,59.14,14635.0
530,dff,59.14,59.14,59.14,59.14,14634.9
531,dff,60.18,60.18,60.18,60.18,14730.7
532,dff,60.18,60.18,60.18,60.18,14730.6
533,dff,60.18,60.18,60.18,60.18,14730.6
534,dff,60.18,60.18,60.18,60.18,14730.5
535,dff,60.18,60.18,60.18,60.18,14730.8
536,dff,60.18,60.18,60.18,60.18,14730.7
537,dff,60.18,60.18,60.18,60.18,14730.5
538,dff,60.18,60.18,60.18,60.18,14730.6
539,dff,60.18,60.18,60.18,60.18,14730.6
540,dff,61.22,61.22,61.22,61.22,14826.3
541,dff,61.22,61.22,61.22,61.22,14826.3
542,dff,61.22,61.22,61.22,61.22,14826.3
543,dff,61.22,61.22,61.22,61.22,14826.0
544,dff,61.22,61.22,61.22,61.22,14826.4
545,dff,61.22,61.22,61.22,61.22,14826.3
546,dff,61.22,61.22,61.22,61.22,14826.2
547,dff,61.22,61.22,61.22,61.22,14826.4
548,dff,61.22,61.22,61.22,61.22,14826.3
549,dff,62.25,62.25,62.25,62.25,14921.2
550,dff,62.25,62.25,62.25,62.25,14921.4
551,dff,62.25,62.25,62.25,62.25,14921.4
552,dff,62.25,62.25,62.25,62.25,14921.6
553,dff,62.25,62.25,62.25,62.25,14921.3
554,dff,62.25,62.25,62.25,62.25,14921.4
555,dff,62.25,62.25,62.25,62.25,14921.3
556,dff,62.25,62.25,62.25,62.25,14921.4
557,dff,62.25,62.25,62.25,62.25,14921.5
558,dff,63.14,63.14,63.14,63.14,15002.7
559,dff,63.14,63.14,63.14,63.14,15002.7
560,dff,63.14,63.14,63.14,63.14,15002.6
561,dff,63.14,63.14,63.14,63.14,15002.7
562,dff,63.14,63.14,63.14,63.14,15002.6
563,dff,63.14,63.14,63.14,63.14,15002.5
564,dff,63.14,63.14,63.14,63.14,15002.9
565,dff,63.14,63.14,63.14,63.14,15002.7
566,dff,63.14,63.14,63.14,63.14,15002.6
567,dff,64.03,64.03,64.03,64.03,15084.5
568,dff,64.03,64.03,64.03,64.03,15084.5
569,dff,64.03,64.03,64.03,64.03,15084.7
570,dff,64.03,64.03,64.03,64.03,15084.4
571,dff,64.03,64.03,64.03,64.03,15084.6
572,dff,64.03,64.03,64.03,64.03,15084.6
573,dff,64.03,64.03,64.03,64.03,15084.5
574,dff,64.03,64.03,64.03,64.03,15084.4
575,dff,64.03,64.03,64.03,64.03,15084.5
576,dff,64.92,64.92,64.92,64.92,15166.6
577,dff,64.92,64.92,64.92,64.92,15166.4
578,dff,64.92,64.92,64.92,64.92,15166.3
579,dff,64.92,64.92,64.92,64.92,15166.5
580,dff,64.92,64.92,64.92,64.92,15166.3
581,dff,64.92,64.92,64.92,64.92,15166.5
582,dff,64.92,64.92,64.92,64.92,15166.4
583,dff,64.92,64.92,64.92,64.92,15166.4
584,dff,64.92,64.92,64.92,64.92,15166.4
585,dff,65.81,65.81,65.81,65.81,15248.4
586,dff,65.81,65.81,65.81,65.81,15248.4
587,dff,65.81,65.81,65.81,65.81,15248.3
588,dff,65.81,65.81,65.81,65.81,15248.5
589,dff,65.81,65.81,65.81,65.81,15248.4
590,dff,65.81,65.81,65.81,65.81,15248.4
591,dff,65.81,65.81,65.81,65.81,15248.5
592,dff,65.81,65.81,65.81,65.81,15248.3
593,dff,65.81,65.81,65.81,65.81,15248.4
594,dff,66.7,66.7,66.7,66.7,15330.2
595,dff,66.7,66.7,66.7,66.7,15330.2
596,dff,66.7,66.7,66.7,66.7,15330.2
597,dff,66.7,66.7,66.7,66.7,15330.3
598,dff,66.7,66.7,66.7,66.7,15330.3
599,dff,66.7,66.7,66.7,66.7,15330.3
600,dff,66.7,66.7,66.7,66.7,15330.3
601,dff,66.7,66.7,66.7,66.7,15330.3
602,dff,66.7,66.7,66.7,66.7,15330.2
603,dff,67.59,67.59,67.59,67.59,15412.1
604,dff,67.59,67.59,67.59,67.59,15412.1
605,dff,67.59,67.59,67.59,67.59,15412.0
606,dff,67.59,67.59,67.59,67.59,15412.2
607,dff,67.59,67.59,67.59,67.59,15412.1
608,dff,67.59,67.59,67.59,67.59,15412.2
609,dff,67.59,67.59,67.59,67.59,15412.2
610,dff,67.59,67.59,67.59,67.59,15412.2
611,dff,67.59,67.59,67.59,67.59,15412.2
612,dff,68.48,68.48,68.48,68.48,15493.3
613,dff,68.48,68.48,68.48,68.48,15493.4
614,dff,68.48,68.48,68.48,68.48,15493.6
615,dff,68.48,68.48,68.48,68.48,15493.5
616,dff,68.48,68.48,68.48,68.48,15493.6
617,dff,68.48,68.48,68.48,68.48,15493.6
618,dff,68.48,68.48,68.48,68.48,15493.5
619,dff,68.48,68.48,68.48,68.48,15493.5
620,dff,68.48,68.48,68.48,68.48,15493.6
621,dff,69.51,69.51,69.51,69.51,13318.7
622,dff,69.51,69.51,69.51,69.51,15588.6
623,dff,69.51,69.51,69.51,69.51,15588.6
624,dff,69.51,69.51,69.51,69.51,15588.5
625,dff,69.51,69.51,69.51,69.51,15588.6
626,dff,69.51,69.51,69.51,69.51,15588.5
627,dff,69.51,69.51,69.51,69.51,15588.5
628,dff,69.51,69.51,69.51,69.51,15588.6
629,dff,69.51,69.51,69.51,69.51,15588.6
630,dff,70.55,70.55,70.55,70.55,15684.2
631,dff,70.55,70.55,70.55,70.55,15684.2
632,dff,70.55,70.55,70.55,70.55,15684.2
633,dff,70.55,70.55,70.55,70.55,15684.2
634,dff,70.55,70.55,70.55,70.55,15684.1
635,dff,70.55,70.55,70.55,70.55,15684.2
636,dff,70.55,70.55,70.55,70.55,15684.1
637,dff,70.55,70.55,70.55,70.55,15684.1
638,dff,70.55,70.55,70.55,70.55,15684.2
639,dff,71.59,71.59,71.59,71.59,15779.3
640,dff,71.59,71.59,71.59,71.59,15779.2
641,dff,71.59,71.59,71.59,71.59,15779.3
642,dff,71.59,71.59,71.59,71.59,15779.2
643,dff,71.59,71.59,71.59,71.59,15779.3
644,dff,71.59,71.59,71.59,71.59,15779.2
645,dff,71.59,71.59,71.59,71.59,15779.1
646,dff,71.59,71.59,71.59,71.59,15779.2
647,dff,71.59,71.59,71.59,71.59,15779.3
648,dff,72.63,72.63,72.63,72.63,15875.0
649,dff,72.63,72.63,72.63,72.63,15874.9
650,dff,72.63,72.63,72.63,72.63,15874.8
651,dff,72.63,72.63,72.63,72.63,15874.9
652,dff,72.63,72.63,72.63,72.63,15875.0
653,dff,72.63,72.63,72.63,72.63,15874.9
654,dff,72.63,72.63,72.63,72.63,15874.9
655,dff,72.63,72.63,72.63,72.63,15874.9
656,dff,72.63,72.63,72.63,72.63,15874.9
657,dff,73.67,73.67,73.67,73.67,15970.6
658,dff,73.67,73.67,73.67,73.67,15970.5
659,dff,73.67,73.67,73.67,73.67,15970.6
660,dff,73.67,73.67,73.67,73.67,15970.6
661,dff,73.67,73.67,73.67,73.67,15970.5
662,dff,73.67,73.67,73.67,73.67,15970.5
663,dff,73.67,73.67,73.67,73.67,15970.5
664,dff,73.67,73.67,73.67,73.67,15970.5
665,dff,73.67,73.67,73.67,73.67,15970.6
666,dff,74.7,74.7,74.7,74.7,16065.7
667,dff,74.7,74.7,74.7,74.7,16065.7
668,dff,74.7,74.7,74.7,74.7,16065.6
669,dff,74.7,74.7,74.7,74.7,16065.7
670,dff,74.7,74.7,74.7,74.7,16065.6
671,dff,74.7,74.7,74.7,74.7,16065.6
672,dff,74.7,74.7,74.7,74.7,16065.6
673,dff,74.7,74.7,74.7,74.7,16065.6
674,dff,74.7,74.7,74.7,74.7,16065.5
675,dff,75.74,75.74,75.74,75.74,16160.7
676,dff,75.74,75.74,75.74,75.74,16160.6
677,dff,75.74,75.74,75.74,75.74,16160.7
678,dff,75.74,75.74,75.74,75.74,16160.7
679,dff,75.74,75.74,75.74,75.74,16160.6
680,dff,75.74,75.74,75.74,75.74,16160.7
681,dff,75.74,75.74,75.74,75.74,16160.6
682,dff,75.74,75.74,75.74,75.74,16160.7
683,dff,75.74,75.74,75.74,75.74,16160.6
684,dff,76.78,76.78,76.78,76.78,16256.4
685,dff,76.78,76.78,76.78,76.78,16256.2
686,dff,76.78,76.78,76.78,76.78,16256.3
687,dff,76.78,76.78,76.78,76.78,16256.4
688,dff,76.78,76.78,76.78,76.78,16256.3
689,dff,76.78,76.78,76.78,76.78,16256.3
690,dff,76.78,76.78,76.78,76.78,16256.2
691,dff,76.78,76.78,76.78,76.78,16256.3
692,dff,76.78,76.78,76.78,76.78,16256.3
693,dff,77.82,77.82,77.82,77.82,16352.0
694,dff,77.82,77.82,77.82,77.82,16352.0
695,dff,77.82,77.82,77.82,77.82,16352.0
696,dff,77.82,77.82,77.82,77.82,16351.9
697,dff,77.82,77.82,77.82,77.82,16352.0
698,dff,77.82,77.82,77.82,77.82,16352.0
699,dff,77.82,77.82,77.82,77.82,16352.0
700,dff,77.82,77.82,77.82,77.82,16352.0
701,dff,77.82,77.82,77.82,77.82,16351.9
702,dff,78.85,78.85,78.85,78.85,16447.0
703,dff,78.85,78.85,78.85,78.85,16447.0
704,dff,78.85,78.85,78.85,78.85,16447.0
705,dff,78.85,78.85,78.85,78.85,16447.0
706,dff,78.85,78.85,78.85,78.85,16447.1
707,dff,78.85,78.85,78.85,78.85,16447.1
708,dff,78.85,78.85,78.85,78.85,16446.9
709,dff,78.85,78.85,78.85,78.85,16447.0
710,dff,78.85,78.85,78.85,78.85,16447.0
711,dff,79.89,79.89,79.89,79.89,16542.6
712,dff,79.89,79.89,79.89,79.89,16542.7
713,dff,79.89,79.89,79.89,79.89,16542.7
714,dff,79.89,79.89,79.89,79.89,16542.7
715,dff,79.89,79.89,79.89,79.89,16542.7
716,dff,79.89,79.89,79.89,79.89,16542.7
717,dff,79.89,79.89,79.89,79.89,16542.7
718,dff,79.89,79.89,79.89,79.89,16542.8
719,dff,79.89,79.89,79.89,79.89,16542.7
720,dff,80.93,80.93,80.93,80.93,16637.8
721,dff,80.93,80.93,80.93,80.93,16637.8
722,dff,80.93,80.93,80.93,80.93,16637.9
723,dff,80.93,80.93,80.93,80.93,16637.8
724,dff,80.93,80.93,80.93,80.93,16637.8
725,dff,80.93,80.93,80.93,80.93,16637.8
726,dff,80.93,80.93,80.93,80.93,16637.8
727,dff,80.93,80.93,80.93,80.93,16637.8
728,dff,80.93,80.93,80.93,80.93,16637.8
729,dff,81.81,81.81,81.81,81.81,16719.2
730,dff,81.81,81.81,81.81,81.81,16719.0
731,dff,81.81,81.81,81.81,81.81,16719.0
732,dff,81.81,81.81,81.81,81.81,16719.0
733,dff,81.81,81.81,81.81,81.81,16719.1
734,dff,81.81,81.81,81.81,81.81,16719.1
735,dff,81.81,81.81,81.81,81.81,16719.1
736,dff,81.81,81.81,81.81,81.81,16719.0
737,dff,81.81,81.81,81.81,81.81,16719.1
738,dff,82.7,82.7,82.7,82.7,16801.0
739,dff,82.7,82.7,82.7,82.7,16800.9
740,dff,82.7,82.7,82.7,82.7,16801.0
741,dff,82.7,82.7,82.7,82.7,16801.0
742,dff,82.7,82.7,82.7,82.7,16800.9
743,dff,82.7,82.7,82.7,82.7,16801.0
744,dff,82.7,82.7,82.7,82.7,16801.0
745,dff,82.7,82.7,82.7,82.7,16800.9
746,dff,82.7,82.7,82.7,82.7,16801.0
747,dff,83.59,83.59,83.59,83.59,16882.8
748,dff,83.59,83.59,83.59,83.59,16882.8
749,dff,83.59,83.59,83.59,83.59,16882.9
750,dff,83.59,83.59,83.59,83.59,16882.9
751,dff,83.59,83.59,83.59,83.59,16882.8
752,dff,83.59,83.59,83.59,83.59,16882.8
753,dff,83.59,83.59,83.59,83.59,16882.8
754,dff,83.59,83.59,83.59,83.59,16882.8
755,dff,83.59,83.59,83.59,83.59,16882.9
756,dff,84.48,84.48,84.48,84.48,16964.7
757,dff,84.48,84.48,84.48,84.48,16964.8
758,dff,84.48,84.48,84.48,84.48,16964.8
759,dff,84.48,84.48,84.48,84.48,16964.8
760,dff,84.48,84.48,84.48,84.48,16964.8
761,dff,84.48,84.48,84.48,84.48,16964.8
762,dff,84.48,84.48,84.48,84.48,16964.7
763,dff,84.48,84.48,84.48,84.48,16964.8
764,dff,84.48,84.48,84.48,84.48,16964.8
765,dff,85.38,85.38,85.38,85.38,17046.7
766,dff,85.38,85.38,85.38,85.38,17046.7
767,dff,85.38,85.38,85.38,85.38,17046.6
768,dff,85.38,85.38,85.38,85.38,17046.6
769,dff,85.38,85.38,85.38,85.38,17046.6
770,dff,85.38,85.38,85.38,85.38,17046.7
771,dff,85.38,85.38,85.38,85.38,17046.6
772,dff,85.38,85.38,85.38,85.38,17046.6
773,dff,85.38,85.38,85.38,85.38,17046.7
774,dff,86.27,86.27,86.27,86.27,17128.5
775,dff,86.27,86.27,86.27,86.27,17128.5
776,dff,86.27,86.27,86.27,86.27,17128.6
777,dff,86.27,86.27,86.27,86.27,17128.5
778,dff,86.27,86.27,86.27,86.27,17128.5
779,dff,86.27,86.27,86.27,86.27,17128.6
780,dff,86.27,86.27,86.27,86.27,17128.5
781,dff,86.27,86.27,86.27,86.27,17128.6
782,dff,86.27,86.27,86.27,86.27,17128.5
783,dff,87.15,87.15,87.15,87.15,17209.9
784,dff,87.15,87.15,87.15,87.15,17209.9
785,dff,87.15,87.15,87.15,87.15,17209.9
786,dff,87.15,87.15,87.15,87.15,17209.9
787,dff,87.15,87.15,87.15,87.15,17209.9
788,dff,87.15,87.15,87.15,87.15,17210.0
789,dff,87.15,87.15,87.15,87.15,17209.9
790,dff,87.15,87.15,87.15,87.15,17209.9
791,dff,87.15,87.15,87.15,87.15,17209.9
792,dff,88.19,88.19,88.19,88.19,17304.9
793,dff,88.19,88.19,88.19,88.19,17304.9
794,dff,88.19,88.19,88.19,88.19,17304.9
795,dff,88.19,88.19,88.19,88.19,17304.9
796,dff,88.19,88.19,88.19,88.19,17305.0
797,dff,88.19,88.19,88.19,88.19,17304.9
798,dff,88.19,88.19,88.19,88.19,17305.0
799,dff,88.19,88.19,88.19,88.19,17304.9
800,dff,88.19,88.19,88.19,88.19,17304.9
801,dff,89.23,89.23,89.23,89.23,14232.2
802,dff,89.23,89.23,89.23,89.23,17400.6
803,dff,89.23,89.23,89.23,89.23,17400.5
804,dff,89.23,89.23,89.23,89.23,17400.6
805,dff,89.23,89.23,89.23,89.23,17400.6
806,dff,89.23,89.23,89.23,89.23,17400.5
807,dff,89.23,89.23,89.23,89.23,17400.6
808,dff,89.23,89.23,89.23,89.23,17400.6
809,dff,89.23,89.23,89.23,89.23,17400.6
810,dff,90.27,90.27,90.27,90.27,17496.2
811,dff,90.27,90.27,90.27,90.27,17496.2
812,dff,90.27,90.27,90.27,90.27,17496.2
813,dff,90.27,90.27,90.27,90.27,17496.2
814,dff,90.27,90.27,90.27,90.27,17496.3
815,dff,90.27,90.27,90.27,90.27,17496.2
816,dff,90.27,90.27,90.27,90.27,17496.2
817,dff,90.27,90.27,90.27,90.27,17496.2
818,dff,90.27,90.27,90.27,90.27,17496.2
819,dff,91.3,91.3,91.3,91.3,17591.3
820,dff,91.3,91.3,91.3,91.3,17591.3
821,dff,91.3,91.3,91.3,91.3,17591.3
822,dff,91.3,91.3,91.3,91.3,17591.3
823,dff,91.3,91.3,91.3,91.3,17591.3
824,dff,91.3,91.3,91.3,91.3,17591.3
825,dff,91.3,91.3,91.3,91.3,17591.3
826,dff,91.3,91.3,91.3,91.3,17591.3
827,dff,91.3,91.3,91.3,91.3,17591.3
828,dff,92.34,92.34,92.34,92.34,17686.9
829,dff,92.34,92.34,92.34,92.34,17686.9
830,dff,92.34,92.34,92.34,92.34,17686.9
831,dff,92.34,92.34,92.34,92.34,17687.0
832,dff,92.34,92.34,92.34,92.34,17686.9
833,dff,92.34,92.34,92.34,92.34,17686.9
834,dff,92.34,92.34,92.34,92.34,17687.0
835,dff,92.34,92.34,92.34,92.34,17686.9
836,dff,92.34,92.34,92.34,92.34,17687.0
837,dff,93.38,93.38,93.38,93.38,17782.1
838,dff,93.38,93.38,93.38,93.38,17782.1
839,dff,93.38,93.38,93.38,93.38,17782.0
840,dff,93.38,93.38,93.38,93.38,17782.1
841,dff,93.38,93.38,93.38,93.38,17782.1
842,dff,93.38,93.38,93.38,93.38,17782.1
843,dff,93.38,93.38,93.38,93.38,17782.1
844,dff,93.38,93.38,93.38,93.38,17782.0
845,dff,93.38,93.38,93.38,93.38,17782.1
846,dff,94.41,94.41,94.41,94.41,17877.0
847,dff,94.41,94.41,94.41,94.41,17877.1
848,dff,94.41,94.41,94.41,94.41,17877.1
849,dff,94.41,94.41,94.41,94.41,17877.1
850,dff,94.41,94.41,94.41,94.41,17877.0
851,dff,94.41,94.41,94.41,94.41,17877.1
852,dff,94.41,94.41,94.41,94.41,17877.1
853,dff,94.41,94.41,94.41,94.41,17877.0
854,dff,94.41,94.41,94.41,94.41,17877.1
855,dff,95.45,95.45,95.45,95.45,17972.7
856,dff,95.45,95.45,95.45,95.45,17972.7
857,dff,95.45,95.45,95.45,95.45,17972.7
858,dff,95.45,95.45,95.45,95.45,17972.7
859,dff,95.45,95.45,95.45,95.45,17972.7
860,dff,95.45,95.45,95.45,95.45,17972.7
861,dff,95.45,95.45,95.45,95.45,17972.7
862,dff,95.45,95.45,95.45,95.45,17972.7
863,dff,95.45,95.45,95.45,95.45,17972.7
864,dff,96.49,96.49,96.49,96.49,18068.4
865,dff,96.49,96.49,96.49,96.49,18068.4
866,dff,96.49,96.49,96.49,96.49,18068.4
867,dff,96.49,96.49,96.49,96.49,18068.4
868,dff,96.49,96.49,96.49,96.49,18068.4
869,dff,96.49,96.49,96.49,96.49,18068.3
870,dff,96.49,96.49,96.49,96.49,18068.4
871,dff,96.49,96.49,96.49,96.49,18068.4
872,dff,96.49,96.49,96.49,96.49,18068.4
873,dff,97.53,97.53,97.53,97.53,18163.4
874,dff,97.53,97.53,97.53,97.53,18163.4
875,dff,97.53,97.53,97.53,97.53,18163.4
876,dff,97.53,97.53,97.53,97.53,18163.4
877,dff,97.53,97.53,97.53,97.53,18163.4
878,dff,97.53,97.53,97.53,97.53,18163.5
879,dff,97.53,97.53,97.53,97.53,18163.4
880,dff,97.53,97.53,97.53,97.53,18163.4
881,dff,97.53,97.53,97.53,97.53,18163.4
882,dff,98.57,98.57,98.57,98.57,18259.1
883,dff,98.57,98.57,98.57,98.57,18259.1
884,dff,98.57,98.57,98.57,98.57,18259.1
885,dff,98.57,98.57,98.57,98.57,18259.1
886,dff,98.57,98.57,98.57,98.57,18259.1
887,dff,98.57,98.57,98.57,98.57,18259.1
888,dff,98.57,98.57,98.57,98.57,18259.0
889,dff,98.57,98.57,98.57,98.57,18259.0
890,dff,98.57,98.57,98.57,98.57,18259.1
891,dff,99.6,99.6,99.6,99.6,14696.6
892,dff,99.6,99.6,99.6,99.6,18354.2
893,dff,99.6,99.6,99.6,99.6,18354.2
894,dff,99.6,99.6,99.6,99.6,18354.2
895,dff,99.6,99.6,99.6,99.6,18354.2
896,dff,99.6,99.6,99.6,99.6,18354.2
897,dff,99.6,99.6,99.6,99.6,18354.2
898,dff,99.6,99.6,99.6,99.6,18354.2
899,dff,99.6,99.6,99.6,99.6,18354.2
